make,model,city,color,carType,condition,currency,drive,country,mileage,mileage_unit,price_on_request,type,zip,manufacture_month,manufacture_year,fuel_consumption_unit
MERCEDES-BENZ,ML 400,Zuzwil,silver,"","","","","",0,"",false,car,"","","",""
MERCEDES-BENZ,E 50 AMG,Zuzwil,violet,"","","","","",0,"",false,car,"","","",""
MASERATI,SPYDER GT,Zuzwil,grey,"","","","","",0,"",false,car,"","","",""
ASTON MARTIN,Virage,Zuzwil,grey,"","","","","",0,"",false,car,"","","",""
MERCEDES-BENZ,S 500,Zuzwil,black,"","","","","",0,"",false,car,"","","",""
ALFA ROMEO,166,Zuzwil,black,"","","","","",0,"",false,car,"","","",""
PORSCHE,911,Zuzwil,black,"","","","","",0,"",false,car,"","","",""
AUDI,RS4,Zuzwil,blue,"","","","","",0,"",false,car,"","","",""
BENTLEY,CONTINENTAL,Zuzwil,white,"","","","","",0,"",false,car,"","","",""
MERCEDES-BENZ,SL 55 AMG,Zuzwil,white,"","","","","",0,"",false,car,"","","",""
ROLLS-ROYCE,CORNICHE,Zuzwil,gelb,"","","","","",0,"",false,car,"","","",""
MERCEDES-BENZ,SLK 350,Zuzwil,grey,"","","","","",0,"",false,car,"","","",""
MASERATI,SPYDER GT,Zuzwil,blue,"","","","","",0,"",false,car,"","","",""
PORSCHE,CAYENNE,Zuzwil,anthrazit,"","","","","",0,"",false,car,"","","",""
MERCEDES-BENZ,CL 65 AMG,Zuzwil,grey,"","","","","",0,"",false,car,"","","",""
MERCEDES-BENZ,S 500,Zuzwil,grey,"","","","","",0,"",false,car,"","","",""
BMW,750,Zuzwil,black,"","","","","",0,"",false,car,"","","",""
ASTON MARTIN,LAGONDA,Safenwil,black,"","","","","",0,"",false,car,"","","",""
MASERATI,SPYDER GT,Zuzwil,white,"","","","","",0,"",false,car,"","","",""
BENTLEY,TURBO,Zuzwil,anthrazit,"","","","","",0,"",false,car,"","","",""
BMW,M5,Zuzwil,red,"","","","","",0,"",false,car,"","","",""
TRIUMPH,Spitfire,Zuzwil,blue,"","","","","",0,"",false,car,"","","",""
BMW,M3,Zuzwil,silver,"","","","","",0,"",false,car,"","","",""
JAGUAR,XJ 220,Zuzwil,white,"","","","","",0,"",false,car,"","","",""
ROLLS-ROYCE,Silver Shadow,Zuzwil,red,"","","","","",0,"",false,car,"","","",""
PORSCHE,911,Zuzwil,red,"","","","","",0,"",false,car,"","","",""
BMW,2002,Zuzwil,black,"","","","","",0,"",false,car,"","","",""
VW,TOUAREG,Zuzwil,black,"","","","","",0,"",false,car,"","","",""
AUDI,RS6,Zuzwil,black,"","","","","",0,"",false,car,"","","",""
MERCEDES-BENZ,ML 500,Zuzwil,white,"","","","","",0,"",false,car,"","","",""
AUDI,RS6,Zuzwil,blue,"","","","","",0,"",false,car,"","","",""
MASERATI,SPYDER GT,Zuzwil,grey,"","","","","",0,"",false,car,"","","",""
PORSCHE,911,Sursee,black,"","","","","",0,"",false,car,"","","",""
BMW,M5,Zuzwil,black,"","","","","",0,"",false,car,"","","",""
MERCEDES-BENZ,SLR,Zuzwil,blue,"","","","","",0,"",false,car,"","","",""
ALFA ROMEO,GTV,Zuzwil,blue,"","","","","",0,"",false,car,"","","",""
AUDI,RS6,Zuzwil,silver,"","","","","",0,"",false,car,"","","",""
MAZDA,MX-5,Zuzwil,white,"","","","","",0,"",false,car,"","","",""
MERCEDES-BENZ,S 320,Zuzwil,gelb,"","","","","",0,"",false,car,"","","",""
MERCEDES-BENZ,SL 500,Zuzwil,beige,"","","","","",0,"",false,car,"","","",""
MERCEDES-BENZ,C 350,Zuzwil,red,"","","","","",0,"",false,car,"","","",""
AUDI,RS6,Zuzwil,black,"","","","","",0,"",false,car,"","","",""
VW,TOUAREG,Zuzwil,silver,"","","","","",0,"",false,car,"","","",""
AUDI,A8,Zuzwil,blue,"","","","","",0,"",false,car,"","","",""
JAGUAR,S-TYPE,Zuzwil,grey,"","","","","",0,"",false,car,"","","",""
BMW,633,Zuzwil,grün,"","","","","",0,"",false,car,"","","",""
AUDI,S4,Zuzwil,blue,"","","","","",0,"",false,car,"","","",""
ASTON MARTIN,V8 Vantage,Zuzwil,black,"","","","","",0,"",false,car,"","","",""
BENTLEY,ARNAGE,Zuzwil,silver,"","","","","",0,"",false,car,"","","",""
MERCEDES-BENZ,SL 500,Zuzwil,silver,"","","","","",0,"",false,car,"","","",""
AUDI,RS6,Zuzwil,white,"","","","","",0,"",false,car,"","","",""
MERCEDES-BENZ,S 65 AMG,Zuzwil,anthrazit,"","","","","",0,"",false,car,"","","",""
AUDI,RS6,Zuzwil,red,"","","","","",0,"",false,car,"","","",""
LAMBORGHINI,MURCIÉLAGO,Porrentruy,silver,"","","","","",0,"",false,car,"","","",""
BENTLEY,CONTINENTAL,St. Gallen,silver,"","","","","",0,"",false,car,"","","",""
BMW,M3,Zuzwil,blue,"","","","","",0,"",false,car,"","","",""
MERCEDES-BENZ,E 500,Zuzwil,grey,"","","","","",0,"",false,car,"","","",""
BMW-ALPINA,5 SERIES,Zuzwil,black,"","","","","",0,"",false,car,"","","",""
MERCEDES-BENZ,CL 65 AMG,Zuzwil,black,"","","","","",0,"",false,car,"","","",""
MERCEDES-BENZ,S 500,Zuzwil,silver,"","","","","",0,"",false,car,"","","",""
MERCEDES-BENZ,SL 500,Zuzwil,white,"","","","","",0,"",false,car,"","","",""
RENAULT,"",Zuzwil,grey,"","","","","",0,"",false,car,"","","",""
BMW-ALPINA,5 SERIES,Zuzwil,black,"","","","","",0,"",false,car,"","","",""
MASERATI,QUATTROPORTE,Zuzwil,blue,"","","","","",0,"",false,car,"","","",""
VW,PHAETON,Zuzwil,black,"","","","","",0,"",false,car,"","","",""
BMW,"",Zuzwil,black,"","","","","",0,"",false,car,"","","",""
ASTON MARTIN,DB9,Zuzwil,silver,"","","","","",0,"",false,car,"","","",""
LAMBORGHINI,AVENTADOR,Sursee,silver,"","","","","",0,"",false,car,"","","",""
BMW,M3,Zuzwil,silver,"","","","","",0,"",false,car,"","","",""
FORD,"",Zuzwil,grey,"","","","","",0,"",false,car,"","","",""
PORSCHE,CAYENNE,Zuzwil,anthrazit,"","","","","",0,"",false,car,"","","",""
FERRARI,456,Zuzwil,blue,"","","","","",0,"",false,car,"","","",""
MASERATI,GHIBLI,Zuzwil,black,"","","","","",0,"",false,car,"","","",""
MERCEDES-BENZ,C 63 AMG,Zuzwil,black,"","","","","",0,"",false,car,"","","",""
MERCEDES-BENZ,300,Sursee,silver,"","","","","",0,"",false,car,"","","",""
BMW,M3,Zuzwil,grün,"","","","","",0,"",false,car,"","","",""
LAMBORGHINI,MURCIÉLAGO,Zuzwil,blue,"","","","","",0,"",false,car,"","","",""
MERCEDES-BENZ,SL 500,Zuzwil,red,"","","","","",0,"",false,car,"","","",""
MERCEDES-BENZ,CLS 500,Zuzwil,black,"","","","","",0,"",false,car,"","","",""
RENAULT,Alpine A110,Zuzwil,black,"","","","","",0,"",false,car,"","","",""
MERCEDES-BENZ,600-SERIES,Zuzwil,black,"","","","","",0,"",false,car,"","","",""
CHEVROLET,CORVETTE,Zuzwil,silver,"","","","","",0,"",false,car,"","","",""
PORSCHE,911,Zuzwil,silver,"","","","","",0,"",false,car,"","","",""
PORSCHE,911,Zuzwil,silver,"","","","","",0,"",false,car,"","","",""
LAMBORGHINI,"",Porrentruy,white,"","","","","",0,"",false,car,"","","",""
FERRARI,F360,Porrentruy,blue,"","","","","",0,"",false,car,"","","",""
VW,PHAETON,Zuzwil,grey,"","","","","",0,"",false,car,"","","",""
LAND ROVER,RANGE ROVER,Zuzwil,grey,"","","","","",0,"",false,car,"","","",""
FERRARI,MONDIAL,Zuzwil,grün,"","","","","",0,"",false,car,"","","",""
DODGE,VIPER,Zuzwil,red,"","","","","",0,"",false,car,"","","",""
LAMBORGHINI,DIABLO,Zuzwil,black,"","","","","",0,"",false,car,"","","",""
PORSCHE,911,Zuzwil,blue,"","","","","",0,"",false,car,"","","",""
MERCEDES-BENZ,CL 500,Zuzwil,blue,"","","","","",0,"",false,car,"","","",""
RENAULT,ALPINE,Zuzwil,silver,"","","","","",0,"",false,car,"","","",""
MERCEDES-BENZ,CL 55 AMG,Zuzwil,silver,"","","","","",0,"",false,car,"","","",""
FORD,"",Zuzwil,silver,"","","","","",0,"",false,car,"","","",""
MERCEDES-BENZ,S 55 AMG,Zuzwil,blue,"","","","","",0,"",false,car,"","","",""
SUBARU,IMPREZA,Zuzwil,blue,"","","","","",0,"",false,car,"","","",""
MERCEDES-BENZ,CLS 63 AMG,Zuzwil,black,"","","","","",0,"",false,car,"","","",""
CHEVROLET,CORVETTE,Zuzwil,black,"","","","","",0,"",false,car,"","","",""
MERCEDES-BENZ,SL 55 AMG,Zuzwil,black,"","","","","",0,"",false,car,"","","",""
PORSCHE,911,Zuzwil,black,"","","","","",0,"",false,car,"","","",""
MERCEDES-BENZ,SL 500,Zuzwil,silver,"","","","","",0,"",false,car,"","","",""
AUDI,RS6,Zuzwil,anthrazit,"","","","","",0,"",false,car,"","","",""
PORSCHE,BOXSTER,Zuzwil,grey,"","","","","",0,"",false,car,"","","",""
LEXUS,GS,Zuzwil,grün,"","","","","",0,"",false,car,"","","",""
MERCEDES-BENZ,S 500,Zuzwil,white,"","","","","",0,"",false,car,"","","",""
MITSUBISHI,LANCER,Zuzwil,bordeaux,"","","","","",0,"",false,car,"","","",""
MERCEDES-BENZ,S 65 AMG,Zuzwil,grey,"","","","","",0,"",false,car,"","","",""
ASTON MARTIN,DBS,Zuzwil,grün,"","","","","",0,"",false,car,"","","",""
NISSAN,Skyline,Zuzwil,black,"","","","","",0,"",false,car,"","","",""
LAND ROVER,RANGE ROVER,Zuzwil,silver,"","","","","",0,"",false,car,"","","",""
RENAULT,ALPINE,Zuzwil,silver,"","","","","",0,"",false,car,"","","",""
BMW-ALPINA,6 SERIES,Zuzwil,blue,"","","","","",0,"",false,car,"","","",""
MERCEDES-BENZ,SL 320,Zuzwil,black,"","","","","",0,"",false,car,"","","",""
AUDI,A4,Zuzwil,black,"","","","","",0,"",false,car,"","","",""
ROLLS-ROYCE,CORNICHE,Zuzwil,silver,"","","","","",0,"",false,car,"","","",""
AUDI,A8,Zuzwil,white,"","","","","",0,"",false,car,"","","",""
MORGAN,4/4,Zuzwil,gelb,"","","","","",0,"",false,car,"","","",""
PORSCHE,CAYENNE,Zuzwil,grey,"","","","","",0,"",false,car,"","","",""
MASERATI,COUPÉ GT,Zuzwil,grey,"","","","","",0,"",false,car,"","","",""
MERCEDES-BENZ,SL 55 AMG,Zuzwil,grün,"","","","","",0,"",false,car,"","","",""
MERCEDES-BENZ,"",Zuzwil,orange,"","","","","",0,"",false,car,"","","",""
PORSCHE,911,Zuzwil,red,"","","","","",0,"",false,car,"","","",""
MERCEDES-BENZ,"",Zuzwil,black,"","","","","",0,"",false,car,"","","",""
MERCEDES-BENZ,SL 500,Zuzwil,grey,"","","","","",0,"",false,car,"","","",""
MERCEDES-BENZ,S 250,Zuzwil,grey,"","","","","",0,"",false,car,"","","",""
MERCEDES-BENZ,SL 63 AMG,Zuzwil,grün,"","","","","",0,"",false,car,"","","",""
MERCEDES-BENZ,C 63 AMG,Zuzwil,black,"","","","","",0,"",false,car,"","","",""
FERRARI,F360,Zuzwil,silver,"","","","","",0,"",false,car,"","","",""
VW,PHAETON,Zuzwil,silver,"","","","","",0,"",false,car,"","","",""
PORSCHE,911,Zuzwil,white,"","","","","",0,"",false,car,"","","",""
MERCEDES-BENZ,E 240,Zuzwil,blue,"","","","","",0,"",false,car,"","","",""
RENAULT,Alpine A110,Zuzwil,blue,"","","","","",0,"",false,car,"","","",""
PORSCHE,CAYENNE,Zuzwil,anthrazit,"","","","","",0,"",false,car,"","","",""
MERCEDES-BENZ,SL 600,Zuzwil,red,"","","","","",0,"",false,car,"","","",""
MERCEDES-BENZ,500,Zuzwil,black,"","","","","",0,"",false,car,"","","",""
MERCEDES-BENZ,E 55 AMG,Zuzwil,black,"","","","","",0,"",false,car,"","","",""
BMW,M6,Zuzwil,silver,"","","","","",0,"",false,car,"","","",""
ASTON MARTIN,V8 Vantage,Zuzwil,white,"","","","","",0,"",false,car,"","","",""
LAMBORGHINI,GALLARDO,Zuzwil,grey,"","","","","",0,"",false,car,"","","",""
CHEVROLET,CORVETTE,Zuzwil,grün,"","","","","",0,"",false,car,"","","",""
KAISER,"",Zuzwil,black,"","","","","",0,"",false,car,"","","",""
MERCEDES-BENZ,S 600,Zuzwil,silver,"","","","","",0,"",false,car,"","","",""
BMW-ALPINA,7 SERIES,Zuzwil,silver,"","","","","",0,"",false,car,"","","",""
AUDI,RS6,Zuzwil,grey,"","","","","",0,"",false,car,"","","",""
BMW,323,Zuzwil,grün,"","","","","",0,"",false,car,"","","",""
JEEP,Grand Cherokee,Zuzwil,black,"","","","","",0,"",false,car,"","","",""
MERCEDES-BENZ,SL 500,Zuzwil,black,"","","","","",0,"",false,car,"","","",""
MERCEDES-BENZ,S 63 AMG,Zuzwil,black,"","","","","",0,"",false,car,"","","",""
MERCEDES-BENZ,SL 500,Zuzwil,silver,"","","","","",0,"",false,car,"","","",""
PORSCHE,BOXSTER,Zuzwil,grey,"","","","","",0,"",false,car,"","","",""
MERCEDES-BENZ,SL 600,Zuzwil,black,"","","","","",0,"",false,car,"","","",""
MERCEDES-BENZ,SL 500,Zuzwil,silver,"","","","","",0,"",false,car,"","","",""
PORSCHE,PANAMERA,Zuzwil,silver,"","","","","",0,"",false,car,"","","",""
BMW,745,Zuzwil,silver,"","","","","",0,"",false,car,"","","",""
ALFA ROMEO,ALFASUD,Zuzwil,grün,"","","","","",0,"",false,car,"","","",""
BMW,330,Zuzwil,blue,"","","","","",0,"",false,car,"","","",""
FORD (USA),MUSTANG,Zuzwil,anthrazit,"","","","","",0,"",false,car,"","","",""
NSU,"",Zuzwil,blue,"","","","","",0,"",false,car,"","","",""
LANCIA,DELTA,Zuzwil,black,"","","","","",0,"",false,car,"","","",""
ROLLS-ROYCE,CORNICHE,Basel,black,"","","","","",0,"",false,car,"","","",""
RENAULT,Alpine A110,Zuzwil,silver,"","","","","",0,"",false,car,"","","",""
MERCEDES-BENZ,CLK 55 AMG,Zuzwil,white,"","","","","",0,"",false,car,"","","",""
AUDI,RS6,Zuzwil,blue,"","","","","",0,"",false,car,"","","",""
MAZDA,626,Zuzwil,gelb,"","","","","",0,"",false,car,"","","",""
CHEVROLET,CORVETTE,Zuzwil,silver,"","","","","",0,"",false,car,"","","",""
PORSCHE,911,Zuzwil,silver,"","","","","",0,"",false,car,"","","",""
AUDI,A6,Zuzwil,bordeaux,"","","","","",0,"",false,car,"","","",""
BMW,328,Zuzwil,brown,"","","","","",0,"",false,car,"","","",""
MASERATI,SPYDER GT,Zuzwil,grey,"","","","","",0,"",false,car,"","","",""
RENAULT,R5,Zuzwil,grey,"","","","","",0,"",false,car,"","","",""
LAMBORGHINI,HURACAN,Zuzwil,black,"","","","","",0,"",false,car,"","","",""
BMW,328,Zuzwil,black,"","","","","",0,"",false,car,"","","",""
PORSCHE,911,Zuzwil,grey,"","","","","",0,"",false,car,"","","",""
VOLVO,V70,Zuzwil,red,"","","","","",0,"",false,car,"","","",""
BENTLEY,CONTINENTAL,Zuzwil,black,"","","","","",0,"",false,car,"","","",""
MERCEDES-BENZ,ML 500,Zuzwil,black,"","","","","",0,"",false,car,"","","",""
ROLLS-ROYCE,PHANTOM,Zuzwil,white,"","","","","",0,"",false,car,"","","",""
BMW,728,Zuzwil,blue,"","","","","",0,"",false,car,"","","",""
MERCEDES-BENZ,SL 55 AMG,Zuzwil,grey,"","","","","",0,"",false,car,"","","",""
FERRARI,348,Zuzwil,grün,"","","","","",0,"",false,car,"","","",""
RENAULT,CLIO,Zuzwil,red,"","","","","",0,"",false,car,"","","",""
AUDI,A8,Zuzwil,red,"","","","","",0,"",false,car,"","","",""
MERCEDES-BENZ,SL 600,Zuzwil,black,"","","","","",0,"",false,car,"","","",""
MERCEDES-BENZ,S 63 AMG,Zuzwil,white,"","","","","",0,"",false,car,"","","",""
AUDI,S8,Zuzwil,grün,"","","","","",0,"",false,car,"","","",""
AUDI,A4,Zuzwil,black,"","","","","",0,"",false,car,"","","",""
BENTLEY,CONTINENTAL,Zuzwil,black,"","","","","",0,"",false,car,"","","",""
BMW,320,Zuzwil,black,"","","","","",0,"",false,car,"","","",""
JAGUAR,S-TYPE,Zuzwil,blue,"","","","","",0,"",false,car,"","","",""
McLAREN,12C,Zuzwil,silver,"","","","","",0,"",false,car,"","","",""
FERRARI,612,Zuzwil,silver,"","","","","",0,"",false,car,"","","",""
PORSCHE,911,Zuzwil,blue,"","","","","",0,"",false,car,"","","",""
MERCEDES-BENZ,"",Sursee,silver,"","","","","",0,"",false,car,"","","",""
MINI,MINI,Safenwil,white,"","","","","",0,"",false,car,"","","",""
BMW,320,Zuzwil,black,"","","","","",0,"",false,car,"","","",""
MASERATI,QUATTROPORTE,Zuzwil,black,"","","","","",0,"",false,car,"","","",""
PORSCHE,911,Zuzwil,black,"","","","","",0,"",false,car,"","","",""
PORSCHE,911,Zuzwil,black,"","","","","",0,"",false,car,"","","",""
MERCEDES-BENZ,CL 65 AMG,Zuzwil,black,"","","","","",0,"",false,car,"","","",""
MERCEDES-BENZ,S 600,Zuzwil,silver,"","","","","",0,"",false,car,"","","",""
JAGUAR,XK,Zuzwil,white,"","","","","",0,"",false,car,"","","",""
MERCEDES-BENZ,SL 300,Zuzwil,bordeaux,"","","","","",0,"",false,car,"","","",""
AUSTIN-HEALEY,"",Safenwil,grey,"","","","","",0,"",false,car,"","","",""
MERCEDES-BENZ,S 55 AMG,Zuzwil,grey,"","","","","",0,"",false,car,"","","",""
MERCEDES-BENZ,ML 63 AMG,Zuzwil,grey,"","","","","",0,"",false,car,"","","",""
BMW,323,Zuzwil,grün,"","","","","",0,"",false,car,"","","",""
ASTON MARTIN,DB9,Zuzwil,red,"","","","","",0,"",false,car,"","","",""
PORSCHE,911,Zuzwil,black,"","","","","",0,"",false,car,"","","",""
BENTLEY,CONTINENTAL,Zuzwil,black,"","","","","",0,"",false,car,"","","",""
MERCEDES-BENZ,CL 63 AMG,Zuzwil,black,"","","","","",0,"",false,car,"","","",""
MERCEDES-BENZ,SL 65 AMG,Zuzwil,black,"","","","","",0,"",false,car,"","","",""
BMW,740,Zuzwil,black,"","","","","",0,"",false,car,"","","",""
AUDI,RS6,Zuzwil,silver,"","","","","",0,"",false,car,"","","",""
TOYOTA,CELICA,Zuzwil,silver,"","","","","",0,"",false,car,"","","",""
MASERATI,QUATTROPORTE,Zuzwil,blue,"","","","","",0,"",false,car,"","","",""
BMW,Z4,Zuzwil,brown,"","","","","",0,"",false,car,"","","",""
BMW,M6,Zuzwil,silver,"","","","","",0,"",false,car,"","","",""
MG,"",Zuzwil,blue,"","","","","",0,"",false,car,"","","",""
MASERATI,QUATTROPORTE,Zuzwil,grey,"","","","","",0,"",false,car,"","","",""
MASERATI,QUATTROPORTE,Zuzwil,grey,"","","","","",0,"",false,car,"","","",""
FERRARI,456,Zuzwil,grey,"","","","","",0,"",false,car,"","","",""
VW,PHAETON,Zuzwil,red,"","","","","",0,"",false,car,"","","",""
PORSCHE,CAYENNE,Zuzwil,silver,"","","","","",0,"",false,car,"","","",""
MERCEDES-BENZ,E 55 AMG,Zuzwil,blue,"","","","","",0,"",false,car,"","","",""
SIMCA,"",Zuzwil,grün,"","","","","",0,"",false,car,"","","",""
BMW,M5,Zuzwil,silver,"","","","","",0,"",false,car,"","","",""
FIAT,SPIDER,Zuzwil,silver,"","","","","",0,"",false,car,"","","",""
AUDI,RS6,Zuzwil,blue,"","","","","",0,"",false,car,"","","",""
JAGUAR,XK,Zuzwil,red,"","","","","",0,"",false,car,"","","",""
AUDI,A4,Zuzwil,red,"","","","","",0,"",false,car,"","","",""
OPEL,FRONTERA,Zuzwil,black,"","","","","",0,"",false,car,"","","",""
MERCEDES-BENZ,300,Zuzwil,black,"","","","","",0,"",false,car,"","","",""
MERCEDES-BENZ,E 55 AMG,Zuzwil,silver,"","","","","",0,"",false,car,"","","",""
BENTLEY,ARNAGE,Zuzwil,white,"","","","","",0,"",false,car,"","","",""
MERCEDES-BENZ,S 600,Zuzwil,white,"","","","","",0,"",false,car,"","","",""
BMW-ALPINA,5 SERIES,Zuzwil,blue,"","","","","",0,"",false,car,"","","",""
MERCEDES-BENZ,E 320,Zuzwil,grey,"","","","","",0,"",false,car,"","","",""
PORSCHE,911,Zuzwil,grey,"","","","","",0,"",false,car,"","","",""
MASERATI,QUATTROPORTE,Zuzwil,orange,"","","","","",0,"",false,car,"","","",""
DODGE,"",Zuzwil,red,"","","","","",0,"",false,car,"","","",""
MERCEDES-BENZ,E 63 AMG,Zuzwil,black,"","","","","",0,"",false,car,"","","",""
AUDI,S8,Zuzwil,silver,"","","","","",0,"",false,car,"","","",""
TOYOTA,COROLLA,Zuzwil,silver,"","","","","",0,"",false,car,"","","",""
BMW,M6,Zuzwil,silver,"","","","","",0,"",false,car,"","","",""
BMW,M5,Zuzwil,silver,"","","","","",0,"",false,car,"","","",""
RENAULT,R5,Zuzwil,silver,"","","","","",0,"",false,car,"","","",""
LAMBORGHINI,DIABLO,Zuzwil,silver,"","","","","",0,"",false,car,"","","",""
PORSCHE,BOXSTER,Zuzwil,blue,"","","","","",0,"",false,car,"","","",""
MERCEDES-BENZ,SLK 320,Zuzwil,grün,"","","","","",0,"",false,car,"","","",""
LAND ROVER,RANGE ROVER,Zuzwil,black,"","","","","",0,"",false,car,"","","",""
HARLEY-DAVIDSON,"",Zuzwil,black,"","","","","",0,"",false,car,"","","",""
LAMBORGHINI,GALLARDO,Zuzwil,blue,"","","","","",0,"",false,car,"","","",""
FERRARI,F360,Zuzwil,blue,"","","","","",0,"",false,car,"","","",""
PORSCHE,911,Zuzwil,anthrazit,"","","","","",0,"",false,car,"","","",""
BMW,135,Zuzwil,black,"","","","","",0,"",false,car,"","","",""
AUTOBIANCHI,A112,Zuzwil,white,"","","","","",0,"",false,car,"","","",""
MERCEDES-BENZ,SL 600,Zuzwil,blue,"","","","","",0,"",false,car,"","","",""
MERCEDES-BENZ,"",Zuzwil,bordeaux,"","","","","",0,"",false,car,"","","",""
MERCEDES-BENZ,"",Zuzwil,grün,"","","","","",0,"",false,car,"","","",""
LAMBORGHINI,MURCIÉLAGO,Zuzwil,blue,"","","","","",0,"",false,car,"","","",""
MERCEDES-BENZ,S 500,Zuzwil,black,"","","","","",0,"",false,car,"","","",""
PORSCHE,CAYENNE,Zuzwil,white,"","","","","",0,"",false,car,"","","",""
MASERATI,3200 GT,Zuzwil,gelb,"","","","","",0,"",false,car,"","","",""
AUDI,S6,Zuzwil,black,"","","","","",0,"",false,car,"","","",""
AUDI,A8,Zuzwil,black,"","","","","",0,"",false,car,"","","",""
DODGE,Ram,Zuzwil,black,"","","","","",0,"",false,car,"","","",""
BMW,X1,Zuzwil,silver,"","","","","",0,"",false,car,"","","",""
PORSCHE,911,Zuzwil,silver,"","","","","",0,"",false,car,"","","",""
FERRARI,F360,Zuzwil,grey,"","","","","",0,"",false,car,"","","",""
MERCEDES-BENZ,CL 500,Zuzwil,grey,"","","","","",0,"",false,car,"","","",""
MASERATI,QUATTROPORTE,Zuzwil,black,"","","","","",0,"",false,car,"","","",""
MERCEDES-BENZ,SL 600,Zuzwil,black,"","","","","",0,"",false,car,"","","",""
FERRARI,575M,Zuzwil,silver,"","","","","",0,"",false,car,"","","",""
JAGUAR,"",Zuzwil,violet,"","","","","",0,"",false,car,"","","",""
FERRARI,F430,Zuzwil,red,"","","","","",0,"",false,car,"","","",""
AUDI,R8,Zuzwil,black,"","","","","",0,"",false,car,"","","",""
PORSCHE,CAYENNE,Zuzwil,red,"","","","","",0,"",false,car,"","","",""
MERCEDES-BENZ,CLK 55 AMG,Zuzwil,black,"","","","","",0,"",false,car,"","","",""
RENAULT,Alpine A110,Zuzwil,black,"","","","","",0,"",false,car,"","","",""
PORSCHE,911,Zuzwil,black,"","","","","",0,"",false,car,"","","",""
FERRARI,599,Zuzwil,silver,"","","","","",0,"",false,car,"","","",""
AUDI,RS6,Zuzwil,silver,"","","","","",0,"",false,car,"","","",""
BMW,X5,Zuzwil,silver,"","","","","",0,"",false,car,"","","",""
FERRARI,TESTAR./512,Zuzwil,gelb,"","","","","",0,"",false,car,"","","",""
PORSCHE,911,Zuzwil,grün,"","","","","",0,"",false,car,"","","",""
MERCEDES-BENZ,SL 65 AMG,Zuzwil,red,"","","","","",0,"",false,car,"","","",""
FERRARI,F430,Zuzwil,red,"","","","","",0,"",false,car,"","","",""
MASERATI,QUATTROPORTE,Zuzwil,black,"","","","","",0,"",false,car,"","","",""
LAND ROVER,RANGE ROVER,Zuzwil,black,"","","","","",0,"",false,car,"","","",""
MERCEDES-BENZ,SLK 230,Zuzwil,blue,"","","","","",0,"",false,car,"","","",""
SAAB,9-3,Zuzwil,red,"","","","","",0,"",false,car,"","","",""
JAGUAR,S-TYPE,Zuzwil,red,"","","","","",0,"",false,car,"","","",""
BMW-ALPINA,3 SERIES,Zuzwil,black,"","","","","",0,"",false,car,"","","",""
PORSCHE,911,Zuzwil,silver,"","","","","",0,"",false,car,"","","",""
LAMBORGHINI,"",Zuzwil,anthrazit,"","","","","",0,"",false,car,"","","",""
FERRARI,F430,Porrentruy,blue,"","","","","",0,"",false,car,"","","",""
FIAT,"",Zuzwil,bordeaux,"","","","","",0,"",false,car,"","","",""
BMW,M3,Zuzwil,gold,"","","","","",0,"",false,car,"","","",""
PORSCHE,911,Zuzwil,grey,"","","","","",0,"",false,car,"","","",""
ROLLS-ROYCE,CORNICHE,Basel,black,"","","","","",0,"",false,car,"","","",""
PORSCHE,924,Zuzwil,anthrazit,"","","","","",0,"",false,car,"","","",""
PORSCHE,911,Zuzwil,grey,"","","","","",0,"",false,car,"","","",""
MERCEDES-BENZ,SLR,Zuzwil,anthrazit,"","","","","",0,"",false,car,"","","",""
OPEL,SPEEDSTER,Zuzwil,red,"","","","","",0,"",false,car,"","","",""
BMW,525,Zuzwil,black,"","","","","",0,"",false,car,"","","",""
MERCEDES-BENZ,E 63 AMG,Zuzwil,black,"","","","","",0,"",false,car,"","","",""
BMW,M6,Zuzwil,black,"","","","","",0,"",false,car,"","","",""
MASERATI,COUPÉ GT,Zuzwil,black,"","","","","",0,"",false,car,"","","",""
MERCEDES-BENZ,E 320,Zuzwil,blue,"","","","","",0,"",false,car,"","","",""
PORSCHE,911,Zuzwil,grey,"","","","","",0,"",false,car,"","","",""
MATRA,"",Zuzwil,black,"","","","","",0,"",false,car,"","","",""
McLAREN,12C,Zuzwil,silver,"","","","","",0,"",false,car,"","","",""
FERRARI,F355,Zuzwil,silver,"","","","","",0,"",false,car,"","","",""
BMW,2002,Zuzwil,blue,"","","","","",0,"",false,car,"","","",""
AUDI,A8,Zuzwil,bordeaux,"","","","","",0,"",false,car,"","","",""
BENTLEY,CONTINENTAL,Zuzwil,black,"","","","","",0,"",false,car,"","","",""
MERCEDES-BENZ,S 600,Zuzwil,black,"","","","","",0,"",false,car,"","","",""
PEUGEOT,205,Zuzwil,white,"","","","","",0,"",false,car,"","","",""
MERCEDES-BENZ,SL 63 AMG,Zuzwil,grün,"","","","","",0,"",false,car,"","","",""
MERCEDES-BENZ,G 63 AMG,Zuzwil,black,"","","","","",0,"",false,car,"","","",""
MERCEDES-BENZ,SL 500,Zuzwil,black,"","","","","",0,"",false,car,"","","",""
FERRARI,612,Zuzwil,black,"","","","","",0,"",false,car,"","","",""
CHEVROLET,CORVETTE,Zuzwil,white,"","","","","",0,"",false,car,"","","",""
PORSCHE,911,Zuzwil,blue,"","","","","",0,"",false,car,"","","",""
BMW,540,Zuzwil,blue,"","","","","",0,"",false,car,"","","",""
AUDI,RS6,Zuzwil,grey,"","","","","",0,"",false,car,"","","",""
BMW,X5,Zuzwil,grey,"","","","","",0,"",false,car,"","","",""
PORSCHE,911,Zuzwil,grey,"","","","","",0,"",false,car,"","","",""
AUDI,RS4,Zuzwil,black,"","","","","",0,"",false,car,"","","",""
MASERATI,BITURBO,Zuzwil,silver,"","","","","",0,"",false,car,"","","",""
MERCEDES-BENZ,SL 55 AMG,Zuzwil,anthrazit,"","","","","",0,"",false,car,"","","",""
PORSCHE,911,Zuzwil,red,"","","","","",0,"",false,car,"","","",""
BMW,M5,Zuzwil,black,"","","","","",0,"",false,car,"","","",""
BENTLEY,BROOKLANDS,Zuzwil,black,"","","","","",0,"",false,car,"","","",""
SAAB,9-3,Zuzwil,black,"","","","","",0,"",false,car,"","","",""
PORSCHE,911,Zuzwil,black,"","","","","",0,"",false,car,"","","",""
PORSCHE,924,Zuzwil,blue,"","","","","",0,"",false,car,"","","",""
NISSAN,200 SX,Zuzwil,silver,"","","","","",0,"",false,car,"","","",""
LANCIA,"",Zuzwil,silver,"","","","","",0,"",false,car,"","","",""
MERCEDES-BENZ,CLS 63 AMG,Zuzwil,white,"","","","","",0,"",false,car,"","","",""
MERCEDES-BENZ,ML 63 AMG,Zuzwil,grey,"","","","","",0,"",false,car,"","","",""
AUDI,RS6,Zuzwil,red,"","","","","",0,"",false,car,"","","",""
BMW,2002,Zuzwil,silver,"","","","","",0,"",false,car,"","","",""
PORSCHE,CAYENNE,Zuzwil,grey,"","","","","",0,"",false,car,"","","",""
FIAT,Dino,Zuzwil,grün,"","","","","",0,"",false,car,"","","",""
FERRARI,575M,Zuzwil,red,"","","","","",0,"",false,car,"","","",""
AUDI,RS6,Zuzwil,black,"","","","","",0,"",false,car,"","","",""
BENTLEY,ARNAGE,Zuzwil,blue,"","","","","",0,"",false,car,"","","",""
PORSCHE,911,Zuzwil,silver,"","","","","",0,"",false,car,"","","",""
FERRARI,F360,Zuzwil,blue,"","","","","",0,"",false,car,"","","",""
ALFA ROMEO,8C,Zuzwil,silver,"","","","","",0,"",false,car,"","","",""
MERCEDES-BENZ,SL 600,Zuzwil,anthrazit,"","","","","",0,"",false,car,"","","",""
MERCEDES-BENZ,CLK 63 AMG,Zuzwil,grey,"","","","","",0,"",false,car,"","","",""
BMW,750,Zuzwil,blue,"","","","","",0,"",false,car,"","","",""
BMW,540,Zuzwil,black,"","","","","",0,"",false,car,"","","",""
JAGUAR,XK,Zuzwil,black,"","","","","",0,"",false,car,"","","",""
LAMBORGHINI,DIABLO,Zuzwil,silver,"","","","","",0,"",false,car,"","","",""
AUDI,TT,Zuzwil,silver,"","","","","",0,"",false,car,"","","",""
ALFA ROMEO,SPIDER,Zuzwil,white,"","","","","",0,"",false,car,"","","",""
PORSCHE,911,Zuzwil,gelb,"","","","","",0,"",false,car,"","","",""
PORSCHE,CAYENNE,Zuzwil,grey,"","","","","",0,"",false,car,"","","",""
VW,BEETLE,Zuzwil,grey,"","","","","",0,"",false,car,"","","",""
FERRARI,F360,Zuzwil,grün,"","","","","",0,"",false,car,"","","",""
BMW,740,Zuzwil,red,"","","","","",0,"",false,car,"","","",""
BMW,530,Zuzwil,black,"","","","","",0,"",false,car,"","","",""
PORSCHE,911,Zuzwil,silver,"","","","","",0,"",false,car,"","","",""
BMW,M5,Zuzwil,silver,"","","","","",0,"",false,car,"","","",""
MERCEDES-BENZ,S 65 AMG,Zuzwil,silver,"","","","","",0,"",false,car,"","","",""
AUDI,RS6,Zuzwil,silver,"","","","","",0,"",false,car,"","","",""
MERCEDES-BENZ,ML 63 AMG,Zuzwil,grün,"","","","","",0,"",false,car,"","","",""
AUDI,RS4,Zuzwil,blue,"","","","","",0,"",false,car,"","","",""
MERCEDES-BENZ,SL 65 AMG,Zuzwil,silver,"","","","","",0,"",false,car,"","","",""
BMW,650,Zuzwil,silver,"","","","","",0,"",false,car,"","","",""
BMW,645,Zuzwil,silver,"","","","","",0,"",false,car,"","","",""
MERCEDES-BENZ,CL 600,Zuzwil,grün,"","","","","",0,"",false,car,"","","",""
MERCEDES-BENZ,SL 55 AMG,Zuzwil,red,"","","","","",0,"",false,car,"","","",""
TOYOTA,DYNA,Zuzwil,black,"","","","","",0,"",false,car,"","","",""
PGO,"",Zuzwil,silver,"","","","","",0,"",false,car,"","","",""
MERCEDES-BENZ,S 600,Zuzwil,blue,"","","","","",0,"",false,car,"","","",""
FERRARI,F355,Zuzwil,grey,"","","","","",0,"",false,car,"","","",""
HUMMER,H3,Zuzwil,blue,"","","","","",0,"",false,car,"","","",""
AUDI,RS6,Zuzwil,blue,"","","","","",0,"",false,car,"","","",""
MERCEDES-BENZ,SLK 200,Zuzwil,silver,"","","","","",0,"",false,car,"","","",""
MERCEDES-BENZ,E 50 AMG,Zuzwil,silver,"","","","","",0,"",false,car,"","","",""
PORSCHE,911,Zuzwil,silver,"","","","","",0,"",false,car,"","","",""
BMW,750,Zuzwil,silver,"","","","","",0,"",false,car,"","","",""
BMW,X5,Zuzwil,silver,"","","","","",0,"",false,car,"","","",""
BENTLEY,TURBO,Zuzwil,silver,"","","","","",0,"",false,car,"","","",""
DeLorean,"",Zuzwil,white,"","","","","",0,"",false,car,"","","",""
FORD (USA),EXPLORER,Zuzwil,blue,"","","","","",0,"",false,car,"","","",""
RENAULT,Alpine A110,Zuzwil,grey,"","","","","",0,"",false,car,"","","",""
PORSCHE,CAYENNE,Zuzwil,black,"","","","","",0,"",false,car,"","","",""
MERCEDES-BENZ,SL 600,Zuzwil,black,"","","","","",0,"",false,car,"","","",""
MERCEDES-BENZ,S 63 AMG,Zuzwil,black,"","","","","",0,"",false,car,"","","",""
PORSCHE,CAYENNE,Zuzwil,black,"","","","","",0,"",false,car,"","","",""
AUDI,RS4,Zuzwil,black,"","","","","",0,"",false,car,"","","",""
FIAT,SPIDER,Zuzwil,black,"","","","","",0,"",false,car,"","","",""
AUDI,RS4,Zuzwil,silver,"","","","","",0,"",false,car,"","","",""
PORSCHE,CAYENNE,Zuzwil,grey,"","","","","",0,"",false,car,"","","",""
PORSCHE,CAYENNE,Zuzwil,black,"","","","","",0,"",false,car,"","","",""
LINCOLN,Continental,Zuzwil,black,"","","","","",0,"",false,car,"","","",""
MERCEDES-BENZ,SL 55 AMG,Zuzwil,silver,"","","","","",0,"",false,car,"","","",""
PORSCHE,911,Zuzwil,silver,"","","","","",0,"",false,car,"","","",""
LAND ROVER,RANGE ROVER,Zuzwil,blue,"","","","","",0,"",false,car,"","","",""
PORSCHE,911,Zuzwil,bordeaux,"","","","","",0,"",false,car,"","","",""
RENAULT,Alpine A110,Zuzwil,grey,"","","","","",0,"",false,car,"","","",""
AUDI,A8,Zuzwil,blue,"","","","","",0,"",false,car,"","","",""
MERCEDES-BENZ,"",Zuzwil,silver,"","","","","",0,"",false,car,"","","",""
MERCEDES-BENZ,E 500,Zuzwil,grey,"","","","","",0,"",false,car,"","","",""
BENTLEY,CONTINENTAL,Zuzwil,grün,"","","","","",0,"",false,car,"","","",""
MERCEDES-BENZ,CLK 55 AMG,Zuzwil,grün,"","","","","",0,"",false,car,"","","",""
MERCEDES-BENZ,CL 55 AMG,Zuzwil,grün,"","","","","",0,"",false,car,"","","",""
MERCEDES-BENZ,E 420,Zuzwil,red,"","","","","",0,"",false,car,"","","",""
BMW,X5,Zuzwil,black,"","","","","",0,"",false,car,"","","",""
NISSAN,MURANO,Zuzwil,black,"","","","","",0,"",false,car,"","","",""
MERCEDES-BENZ,SL 65 AMG,Zuzwil,black,"","","","","",0,"",false,car,"","","",""
MASERATI,GRANTURISMO,Zuzwil,black,"","","","","",0,"",false,car,"","","",""
RUF,"",Zuzwil,gold,"","","","","",0,"",false,car,"","","",""
BENTLEY,CONTINENTAL,Zuzwil,grey,"","","","","",0,"",false,car,"","","",""
BMW,X5,Zuzwil,beige,"","","","","",0,"",false,car,"","","",""
LAMBORGHINI,DIABLO,Porrentruy,orange,"","","","","",0,"",false,car,"","","",""
MERCEDES-BENZ,SL 500,Zuzwil,silver,"","","","","",0,"",false,car,"","","",""
RENAULT,R5,Zuzwil,violet,"","","","","",0,"",false,car,"","","",""
LAMBORGHINI,HURACAN,Zuzwil,grey,"","","","","",0,"",false,car,"","","",""
BENTLEY,ARNAGE,Zuzwil,black,"","","","","",0,"",false,car,"","","",""
BMW,M5,Zuzwil,silver,"","","","","",0,"",false,car,"","","",""
MERCEDES-BENZ,SL 320,Zuzwil,silver,"","","","","",0,"",false,car,"","","",""
MITSUBISHI,LANCER,Zuzwil,silver,"","","","","",0,"",false,car,"","","",""
LAMBORGHINI,MURCIÉLAGO,Zuzwil,blue,"","","","","",0,"",false,car,"","","",""
LAMBORGHINI,MURCIÉLAGO,Zuzwil,anthrazit,"","","","","",0,"",false,car,"","","",""
RENAULT,Alpine A110,Zuzwil,black,"","","","","",0,"",false,car,"","","",""
LAMBORGHINI,AVENTADOR,Zuzwil,black,"","","","","",0,"",false,car,"","","",""
MERCEDES-BENZ,CL 500,Zuzwil,black,"","","","","",0,"",false,car,"","","",""
NSU,"",Zuzwil,silver,"","","","","",0,"",false,car,"","","",""
MERCEDES-BENZ,CL 600,Zuzwil,silver,"","","","","",0,"",false,car,"","","",""
BMW,Z4,Zuzwil,silver,"","","","","",0,"",false,car,"","","",""
PORSCHE,911,Zuzwil,black,"","","","","",0,"",false,car,"","","",""
MERCEDES-BENZ,CLS 500,Zuzwil,anthrazit,"","","","","",0,"",false,car,"","","",""
PORSCHE,CAYENNE,Zuzwil,silver,"","","","","",0,"",false,car,"","","",""
MERCEDES-BENZ,CL 600,Zuzwil,white,"","","","","",0,"",false,car,"","","",""
FERRARI,575M,Zuzwil,white,"","","","","",0,"",false,car,"","","",""
MERCEDES-BENZ,E 430,Zuzwil,grün,"","","","","",0,"",false,car,"","","",""
BENTLEY,CONTINENTAL,Zuzwil,gelb,"","","","","",0,"",false,car,"","","",""
MERCEDES-BENZ,CLK 430,Zuzwil,grey,"","","","","",0,"",false,car,"","","",""
MERCEDES-BENZ,SL 600,Zuzwil,blue,"","","","","",0,"",false,car,"","","",""
LOTUS,EUROPA,Zuzwil,black,"","","","","",0,"",false,car,"","","",""
MERCEDES-BENZ,C 280,Zuzwil,silver,"","","","","",0,"",false,car,"","","",""
BMW,545,Zuzwil,silver,"","","","","",0,"",false,car,"","","",""
BMW-ALPINA,7 SERIES,Zuzwil,blue,"","","","","",0,"",false,car,"","","",""
AUDI,A8,Zuzwil,grün,"","","","","",0,"",false,car,"","","",""
AUDI,RS6,Zuzwil,blue,"","","","","",0,"",false,car,"","","",""
DAIMLER,V8,Zuzwil,black,"","","","","",0,"",false,car,"","","",""
BMW,525,Zuzwil,black,"","","","","",0,"",false,car,"","","",""
BMW,M3,Zuzwil,red,"","","","","",0,"",false,car,"","","",""
CITROEN,C5,Zuzwil,blue,"","","","","",0,"",false,car,"","","",""
JAGUAR,XJ,Zuzwil,white,"","","","","",0,"",false,car,"","","",""
BMW,740,Zuzwil,grey,"","","","","",0,"",false,car,"","","",""
MERCEDES-BENZ,SLK 55 AMG,Zuzwil,black,"","","","","",0,"",false,car,"","","",""
BMW,X5,Zuzwil,silver,"","","","","",0,"",false,car,"","","",""
MERCEDES-BENZ,CLS 63 AMG,Zuzwil,white,"","","","","",0,"",false,car,"","","",""
McLAREN,12C,Zuzwil,grün,"","","","","",0,"",false,car,"","","",""
FERRARI,575M,Zuzwil,grün,"","","","","",0,"",false,car,"","","",""
VW,PHAETON,Zuzwil,black,"","","","","",0,"",false,car,"","","",""
AUDI,RS4,Zuzwil,black,"","","","","",0,"",false,car,"","","",""
MERCEDES-BENZ,S 320,Zuzwil,silver,"","","","","",0,"",false,car,"","","",""
RENAULT,ALPINE,Zuzwil,silver,"","","","","",0,"",false,car,"","","",""
MERCEDES-BENZ,E 55 AMG,Zuzwil,grey,"","","","","",0,"",false,car,"","","",""
AUDI,A8,Zuzwil,grey,"","","","","",0,"",false,car,"","","",""
FORD,CAPRI,Zuzwil,black,"","","","","",0,"",false,car,"","","",""
MERCEDES-BENZ,E 240,Zuzwil,black,"","","","","",0,"",false,car,"","","",""
MERCEDES-BENZ,SL 600,Zuzwil,blue,"","","","","",0,"",false,car,"","","",""
PORSCHE,911,Zuzwil,silver,"","","","","",0,"",false,car,"","","",""
MERCEDES-BENZ,CL 500,Zuzwil,silver,"","","","","",0,"",false,car,"","","",""
MERCEDES-BENZ,E 320,Zuzwil,anthrazit,"","","","","",0,"",false,car,"","","",""
TRIUMPH,Dolomite,Zuzwil,silver,"","","","","",0,"",false,car,"","","",""
FERRARI,F430,Zuzwil,bordeaux,"","","","","",0,"",false,car,"","","",""
JAGUAR,XK,Zuzwil,grey,"","","","","",0,"",false,car,"","","",""
MERCEDES-BENZ,SL 600,Zuzwil,grey,"","","","","",0,"",false,car,"","","",""
MARCOS,"",Zuzwil,red,"","","","","",0,"",false,car,"","","",""
MERCEDES-BENZ,S 500,Zuzwil,blue,"","","","","",0,"",false,car,"","","",""
FORD,CORTINA,Zuzwil,grey,"","","","","",0,"",false,car,"","","",""
AUDI,R8,Zuzwil,grün,"","","","","",0,"",false,car,"","","",""
OPEL,MANTA,Zuzwil,black,"","","","","",0,"",false,car,"","","",""
MERCEDES-BENZ,R 500,Zuzwil,black,"","","","","",0,"",false,car,"","","",""
FORD,ESCORT,Zuzwil,silver,"","","","","",0,"",false,car,"","","",""
RUF,"",Zuzwil,anthrazit,"","","","","",0,"",false,car,"","","",""
MERCEDES-BENZ,ML 63 AMG,Zuzwil,blue,"","","","","",0,"",false,car,"","","",""
MITSUBISHI,STARION,Zuzwil,red,"","","","","",0,"",false,car,"","","",""
MERCEDES-BENZ,E 63 AMG,Zuzwil,red,"","","","","",0,"",false,car,"","","",""
TOYOTA,"",Zuzwil,red,"","","","","",0,"",false,car,"","","",""
MERCEDES-BENZ,S 500,Zuzwil,black,"","","","","",0,"",false,car,"","","",""
AUDI,RS6,Zuzwil,silver,"","","","","",0,"",false,car,"","","",""
MERCEDES-BENZ,CL 600,Zuzwil,blue,"","","","","",0,"",false,car,"","","",""
RENAULT,ALPINE,Zuzwil,black,"","","","","",0,"",false,car,"","","",""
PORSCHE,911,Zuzwil,black,"","","","","",0,"",false,car,"","","",""
PORSCHE,911,Zuzwil,silver,"","","","","",0,"",false,car,"","","",""
NISSAN,SUNNY,Zuzwil,silver,"","","","","",0,"",false,car,"","","",""
BENTLEY,ARNAGE,Zuzwil,black,"","","","","",0,"",false,car,"","","",""
BENTLEY,ARNAGE,Zuzwil,black,"","","","","",0,"",false,car,"","","",""
TOYOTA,CARINA,Zuzwil,silver,"","","","","",0,"",false,car,"","","",""
MERCEDES-BENZ,E 500,Zuzwil,black,"","","","","",0,"",false,car,"","","",""
PORSCHE,911,Zuzwil,black,"","","","","",0,"",false,car,"","","",""
PORSCHE,CAYENNE,Zuzwil,silver,"","","","","",0,"",false,car,"","","",""
MERCEDES-BENZ,C 230,Zuzwil,blue,"","","","","",0,"",false,car,"","","",""
TOYOTA,CAMRY,Safenwil,gelb,"","","","","",0,"",false,car,"","","",""
MERCEDES-BENZ,S-CLASS,Zuzwil,grey,"","","","","",0,"",false,car,"","","",""
BMW,M6,Zuzwil,black,"","","","","",0,"",false,car,"","","",""
FIAT,131,Zuzwil,black,"","","","","",0,"",false,car,"","","",""
PORSCHE,911,Zuzwil,black,"","","","","",0,"",false,car,"","","",""
LAMBORGHINI,GALLARDO,Zuzwil,silver,"","","","","",0,"",false,car,"","","",""
MERCEDES-BENZ,CL 500,Zuzwil,blue,"","","","","",0,"",false,car,"","","",""
FERRARI,F360,Zuzwil,grey,"","","","","",0,"",false,car,"","","",""
LOTUS,Super Seven,Zuzwil,grey,"","","","","",0,"",false,car,"","","",""
MERCEDES-BENZ,SL 600,Zuzwil,black,"","","","","",0,"",false,car,"","","",""
MERCEDES-BENZ,"",Zuzwil,blue,"","","","","",0,"",false,car,"","","",""
PORSCHE,911,Zuzwil,black,"","","","","",0,"",false,car,"","","",""
MERCEDES-BENZ,450,Zuzwil,black,"","","","","",0,"",false,car,"","","",""
LAMBORGHINI,MURCIÉLAGO,Zuzwil,black,"","","","","",0,"",false,car,"","","",""
MERCEDES-BENZ,SLK 32 AMG,Zuzwil,black,"","","","","",0,"",false,car,"","","",""
BMW-ALPINA,5 SERIES,Zuzwil,silver,"","","","","",0,"",false,car,"","","",""
MERCEDES-BENZ,CLK 55 AMG,Zuzwil,blue,"","","","","",0,"",false,car,"","","",""
MERCEDES-BENZ,SL 55 AMG,Zuzwil,grey,"","","","","",0,"",false,car,"","","",""
MERCEDES-BENZ,CLS 63 AMG,Zuzwil,beige,"","","","","",0,"",false,car,"","","",""
DAIHATSU,CHARADE,Zuzwil,blue,"","","","","",0,"",false,car,"","","",""
LAND ROVER,RANGE ROVER SPORT,Zuzwil,silver,"","","","","",0,"",false,car,"","","",""
PORSCHE,911,Zuzwil,silver,"","","","","",0,"",false,car,"","","",""
MERCEDES-BENZ,CL 600,Zuzwil,white,"","","","","",0,"",false,car,"","","",""
AUDI,RS6,Zuzwil,blue,"","","","","",0,"",false,car,"","","",""
MERCEDES-BENZ,SL 600,Zuzwil,grün,"","","","","",0,"",false,car,"","","",""
MERCEDES-BENZ,E 50 AMG,Zuzwil,black,"","","","","",0,"",false,car,"","","",""
AUDI,RS6,Zuzwil,black,"","","","","",0,"",false,car,"","","",""
BMW,330,Zuzwil,black,"","","","","",0,"",false,car,"","","",""
FORD,CAPRI,Zuzwil,blue,"","","","","",0,"",false,car,"","","",""
LOTUS,ELISE,Zuzwil,anthrazit,"","","","","",0,"",false,car,"","","",""
LAMBORGHINI,GALLARDO,Zuzwil,blue,"","","","","",0,"",false,car,"","","",""
BMW,M3,Zuzwil,grün,"","","","","",0,"",false,car,"","","",""
JEEP,Grand Cherokee,Zuzwil,black,"","","","","",0,"",false,car,"","","",""
BMW,M6,Zuzwil,black,"","","","","",0,"",false,car,"","","",""
MERCEDES-BENZ,CL 500,Zuzwil,silver,"","","","","",0,"",false,car,"","","",""
PORSCHE,CAYENNE,Zuzwil,white,"","","","","",0,"",false,car,"","","",""
LAND ROVER,RANGE ROVER,Zuzwil,anthrazit,"","","","","",0,"",false,car,"","","",""
RENAULT,ALPINE,Zuzwil,blue,"","","","","",0,"",false,car,"","","",""
MASERATI,QUATTROPORTE,Zuzwil,brown,"","","","","",0,"",false,car,"","","",""
MERCEDES-BENZ,S 500,Zuzwil,grey,"","","","","",0,"",false,car,"","","",""
LAMBORGHINI,DIABLO,Porrentruy,black,"","","","","",0,"",false,car,"","","",""
LAMBORGHINI,DIABLO,Zuzwil,blue,"","","","","",0,"",false,car,"","","",""
FERRARI,575M,Zuzwil,white,"","","","","",0,"",false,car,"","","",""
AUDI,RS6,Zuzwil,white,"","","","","",0,"",false,car,"","","",""
MERCEDES-BENZ,SL 500,Zuzwil,anthrazit,"","","","","",0,"",false,car,"","","",""
PORSCHE,911,Zuzwil,grey,"","","","","",0,"",false,car,"","","",""
PORSCHE,CAYENNE,Zuzwil,black,"","","","","",0,"",false,car,"","","",""
BMW,X5,Zuzwil,black,"","","","","",0,"",false,car,"","","",""
MERCEDES-BENZ,G 55 AMG,Zuzwil,black,"","","","","",0,"",false,car,"","","",""
MASERATI,GRANSPORT,Zuzwil,silver,"","","","","",0,"",false,car,"","","",""
PORSCHE,911,Zuzwil,blue,"","","","","",0,"",false,car,"","","",""
PORSCHE,911,Zuzwil,grey,"","","","","",0,"",false,car,"","","",""
MERCEDES-BENZ,CLS 500,Zuzwil,anthrazit,"","","","","",0,"",false,car,"","","",""
BMW,740,Zuzwil,black,"","","","","",0,"",false,car,"","","",""
FERRARI,F360,Zuzwil,silver,"","","","","",0,"",false,car,"","","",""
AUDI,A8,Zuzwil,silver,"","","","","",0,"",false,car,"","","",""
MERCEDES-BENZ,E 420,Zuzwil,blue,"","","","","",0,"",false,car,"","","",""
PORSCHE,944,Zuzwil,red,"","","","","",0,"",false,car,"","","",""
MERCEDES-BENZ,SL 600,Zuzwil,red,"","","","","",0,"",false,car,"","","",""
MERCEDES-BENZ,SL 500,Zuzwil,black,"","","","","",0,"",false,car,"","","",""
RENAULT,R5,Zuzwil,black,"","","","","",0,"",false,car,"","","",""
AUDI,RS6,Zuzwil,black,"","","","","",0,"",false,car,"","","",""
MERCEDES-BENZ,E 320,Zuzwil,silver,"","","","","",0,"",false,car,"","","",""
MERCEDES-BENZ,500,Zuzwil,blue,"","","","","",0,"",false,car,"","","",""
BMW,728,Zuzwil,white,"","","","","",0,"",false,car,"","","",""
PORSCHE,911,Zuzwil,blue,"","","","","",0,"",false,car,"","","",""
LAMBORGHINI,GALLARDO,Zuzwil,black,"","","","","",0,"",false,car,"","","",""
MERCEDES-BENZ,SL 500,Zuzwil,black,"","","","","",0,"",false,car,"","","",""
LOTUS,ELISE,Zuzwil,black,"","","","","",0,"",false,car,"","","",""
PORSCHE,CAYENNE,Zuzwil,silver,"","","","","",0,"",false,car,"","","",""
MERCEDES-BENZ,E 230,Zuzwil,blue,"","","","","",0,"",false,car,"","","",""
BMW,530,Zuzwil,blue,"","","","","",0,"",false,car,"","","",""
FERRARI,F355,Zuzwil,gelb,"","","","","",0,"",false,car,"","","",""
CHEVROLET,CORVETTE,Zuzwil,gold,"","","","","",0,"",false,car,"","","",""
MERCEDES-BENZ,SLK 230,Zuzwil,black,"","","","","",0,"",false,car,"","","",""
FERRARI,MONDIAL,Zuzwil,silver,"","","","","",0,"",false,car,"","","",""
MERCEDES-BENZ,SL 600,Zuzwil,white,"","","","","",0,"",false,car,"","","",""
BMW,X5,Zuzwil,black,"","","","","",0,"",false,car,"","","",""
MERCEDES-BENZ,CL 600,Zuzwil,black,"","","","","",0,"",false,car,"","","",""
MERCEDES-BENZ,SL 63 AMG,Zuzwil,blue,"","","","","",0,"",false,car,"","","",""
BMW,M3,Zuzwil,silver,"","","","","",0,"",false,car,"","","",""
MERCEDES-BENZ,SL 55 AMG,Zuzwil,blue,"","","","","",0,"",false,car,"","","",""
MERCEDES-BENZ,SL 600,Zuzwil,blue,"","","","","",0,"",false,car,"","","",""
GIOTTILINE,"",Zuzwil,anthrazit,"","","","","",0,"",false,car,"","","",""
ASTON MARTIN,V8 Vantage,Zuzwil,black,"","","","","",0,"",false,car,"","","",""
AUDI,R8,Zuzwil,black,"","","","","",0,"",false,car,"","","",""
BENTLEY,ARNAGE,Zuzwil,silver,"","","","","",0,"",false,car,"","","",""
AUDI,RS6,Zuzwil,grey,"","","","","",0,"",false,car,"","","",""
AUDI,RS6,Zuzwil,red,"","","","","",0,"",false,car,"","","",""
BMW,760,Zuzwil,black,"","","","","",0,"",false,car,"","","",""
MASERATI,QUATTROPORTE,Zuzwil,black,"","","","","",0,"",false,car,"","","",""
BMW,X5,Zuzwil,black,"","","","","",0,"",false,car,"","","",""
McLAREN,12C,Zuzwil,white,"","","","","",0,"",false,car,"","","",""
BENTLEY,ARNAGE,Zuzwil,white,"","","","","",0,"",false,car,"","","",""
RENAULT,ALPINE,Zuzwil,white,"","","","","",0,"",false,car,"","","",""
AUDI,RS6,Zuzwil,grey,"","","","","",0,"",false,car,"","","",""
SAAB,9-3,Zuzwil,grün,"","","","","",0,"",false,car,"","","",""
LAMBORGHINI,DIABLO,Porrentruy,black,"","","","","",0,"",false,car,"","","",""
MERCEDES-BENZ,CLK 63 AMG,Zuzwil,black,"","","","","",0,"",false,car,"","","",""
BENTLEY,CONTINENTAL,Zuzwil,black,"","","","","",0,"",false,car,"","","",""
ASTON MARTIN,DB9,Zuzwil,anthrazit,"","","","","",0,"",false,car,"","","",""
PORSCHE,CARRERA GT,Zuzwil,silver,"","","","","",0,"",false,car,"","","",""
FERRARI,458,Zuzwil,blue,"","","","","",0,"",false,car,"","","",""
AUDI,RS6,Zuzwil,blue,"","","","","",0,"",false,car,"","","",""
AUDI,RS6,Zuzwil,grey,"","","","","",0,"",false,car,"","","",""
PORSCHE,911,Zuzwil,grey,"","","","","",0,"",false,car,"","","",""
BMW,Z4,Zuzwil,grün,"","","","","",0,"",false,car,"","","",""
BENTLEY,ARNAGE,Zuzwil,red,"","","","","",0,"",false,car,"","","",""
NISSAN,SUNNY,Zuzwil,black,"","","","","",0,"",false,car,"","","",""
SEAT,IBIZA,Zuzwil,black,"","","","","",0,"",false,car,"","","",""
DAIMLER,XJ,Zuzwil,gold,"","","","","",0,"",false,car,"","","",""
TALBOT,MATRA,Zuzwil,grey,"","","","","",0,"",false,car,"","","",""
ALFA ROMEO,GTV,Zuzwil,black,"","","","","",0,"",false,car,"","","",""
JAGUAR,E,Zuzwil,black,"","","","","",0,"",false,car,"","","",""
MERCEDES-BENZ,E 55 AMG,Zuzwil,silver,"","","","","",0,"",false,car,"","","",""
MASERATI,COUPÉ GT,Zuzwil,white,"","","","","",0,"",false,car,"","","",""
PORSCHE,911,Zuzwil,anthrazit,"","","","","",0,"",false,car,"","","",""
PORSCHE,CAYENNE,Zuzwil,red,"","","","","",0,"",false,car,"","","",""
AUDI,RS5,Zuzwil,black,"","","","","",0,"",false,car,"","","",""
RENAULT,ALPINE,Zuzwil,silver,"","","","","",0,"",false,car,"","","",""
PORSCHE,CAYENNE,Zuzwil,silver,"","","","","",0,"",false,car,"","","",""
LAND ROVER,RANGE ROVER SPORT,Zuzwil,blue,"","","","","",0,"",false,car,"","","",""
MERCEDES-BENZ,S 65 AMG,Zuzwil,silver,"","","","","",0,"",false,car,"","","",""
PORSCHE,CAYENNE,Zuzwil,silver,"","","","","",0,"",false,car,"","","",""
RENAULT,Alpine A110,Zuzwil,silver,"","","","","",0,"",false,car,"","","",""
MERCEDES-BENZ,S 65 AMG,Zuzwil,white,"","","","","",0,"",false,car,"","","",""
BENTLEY,TURBO,Zuzwil,red,"","","","","",0,"",false,car,"","","",""
LAND ROVER,RANGE ROVER,Zuzwil,red,"","","","","",0,"",false,car,"","","",""
MERCEDES-BENZ,E 63 AMG,Zuzwil,black,"","","","","",0,"",false,car,"","","",""
AUDI,RS6,Zuzwil,anthrazit,"","","","","",0,"",false,car,"","","",""
MERCEDES-BENZ,S 320,Zuzwil,grey,"","","","","",0,"",false,car,"","","",""
FERRARI,F355,Zuzwil,red,"","","","","",0,"",false,car,"","","",""
FERRARI,F40 / F50,Sursee,black,"","","","","",0,"",false,car,"","","",""
LANCIA,DELTA,Zuzwil,blue,"","","","","",0,"",false,car,"","","",""
MASERATI,COUPÉ GT,Zuzwil,blue,"","","","","",0,"",false,car,"","","",""
BMW,328,Zuzwil,silver,"","","","","",0,"",false,car,"","","",""
BMW,320,Zuzwil,white,"","","","","",0,"",false,car,"","","",""
AUDI,RS6,Zuzwil,blue,"","","","","",0,"",false,car,"","","",""
RENAULT,R12,Zuzwil,black,"","","","","",0,"",false,car,"","","",""
AUDI,RS4,Zuzwil,black,"","","","","",0,"",false,car,"","","",""
MERCEDES-BENZ,SL 600,Zuzwil,black,"","","","","",0,"",false,car,"","","",""
FERRARI,F550,Zuzwil,grey,"","","","","",0,"",false,car,"","","",""
MERCEDES-BENZ,S 63 AMG,Zuzwil,red,"","","","","",0,"",false,car,"","","",""
BMW,M3,Zuzwil,black,"","","","","",0,"",false,car,"","","",""
BMW,523,Zuzwil,black,"","","","","",0,"",false,car,"","","",""
AUDI,QUATTRO,Zuzwil,silver,"","","","","",0,"",false,car,"","","",""
TOYOTA,MR2,Zuzwil,gelb,"","","","","",0,"",false,car,"","","",""
FERRARI,612,Zuzwil,grey,"","","","","",0,"",false,car,"","","",""
MERCEDES-BENZ,SL 500,Zuzwil,black,"","","","","",0,"",false,car,"","","",""
TOYOTA,CELICA,Zuzwil,blue,"","","","","",0,"",false,car,"","","",""
MASERATI,GRANTURISMO,Zuzwil,black,"","","","","",0,"",false,car,"","","",""
BMW,2002,Zuzwil,silver,"","","","","",0,"",false,car,"","","",""
AUDI,A8,Zuzwil,white,"","","","","",0,"",false,car,"","","",""
AUDI,A8,Zuzwil,white,"","","","","",0,"",false,car,"","","",""
MERCEDES-BENZ,S 320,Zuzwil,bordeaux,"","","","","",0,"",false,car,"","","",""
MERCEDES-BENZ,S 500,Zuzwil,grey,"","","","","",0,"",false,car,"","","",""
LAMBORGHINI,GALLARDO,Zuzwil,grey,"","","","","",0,"",false,car,"","","",""
LAND ROVER,RANGE ROVER,Zuzwil,grün,"","","","","",0,"",false,car,"","","",""
MERCEDES-BENZ,SL 55 AMG,Zuzwil,black,"","","","","",0,"",false,car,"","","",""
MERCEDES-BENZ,SL 65 AMG,Zuzwil,silver,"","","","","",0,"",false,car,"","","",""
MERCEDES-BENZ,SL 500,Zuzwil,silver,"","","","","",0,"",false,car,"","","",""
FERRARI,F355,Zuzwil,silver,"","","","","",0,"",false,car,"","","",""
MERCEDES-BENZ,SL 55 AMG,Zuzwil,silver,"","","","","",0,"",false,car,"","","",""
AUDI,A8,Zuzwil,blue,"","","","","",0,"",false,car,"","","",""
FERRARI,F360,Zuzwil,bordeaux,"","","","","",0,"",false,car,"","","",""
BMW,M5,Zuzwil,grün,"","","","","",0,"",false,car,"","","",""
LANCIA,"",Zuzwil,grün,"","","","","",0,"",false,car,"","","",""
CHEVROLET,CORVETTE,Zuzwil,anthrazit,"","","","","",0,"",false,car,"","","",""
MERCEDES-BENZ,SL 65 AMG,Zuzwil,red,"","","","","",0,"",false,car,"","","",""
MERCEDES-BENZ,190,Zuzwil,silver,"","","","","",0,"",false,car,"","","",""
VW,PHAETON,Zuzwil,blue,"","","","","",0,"",false,car,"","","",""
FERRARI,F360,Zuzwil,red,"","","","","",0,"",false,car,"","","",""
AUDI,A6,Zuzwil,red,"","","","","",0,"",false,car,"","","",""
LAMBORGHINI,MURCIÉLAGO,Zuzwil,black,"","","","","",0,"",false,car,"","","",""
FORD,ESCORT,Zuzwil,black,"","","","","",0,"",false,car,"","","",""
LOTUS,ESPRIT,Zuzwil,black,"","","","","",0,"",false,car,"","","",""
BMW,735,Zuzwil,silver,"","","","","",0,"",false,car,"","","",""
MERCEDES-BENZ,SL 500,Zuzwil,grün,"","","","","",0,"",false,car,"","","",""
MERCEDES-BENZ,CLS 55 AMG,Zuzwil,grün,"","","","","",0,"",false,car,"","","",""
MERCEDES-BENZ,E 55 AMG,Zuzwil,beige,"","","","","",0,"",false,car,"","","",""
BENTLEY,Mulsanne,Zuzwil,red,"","","","","",0,"",false,car,"","","",""
BMW,550,Zuzwil,black,"","","","","",0,"",false,car,"","","",""
CHEVROLET,CAMARO,Sursee,blue,"","","","","",0,"",false,car,"","","",""
AUDI,RS6,Zuzwil,white,"","","","","",0,"",false,car,"","","",""
CHEVROLET,Silverado,Zuzwil,white,"","","","","",0,"",false,car,"","","",""
BMW,740,Zuzwil,grey,"","","","","",0,"",false,car,"","","",""
RENAULT,ALPINE,Zuzwil,anthrazit,"","","","","",0,"",false,car,"","","",""
BMW,X5,Zuzwil,black,"","","","","",0,"",false,car,"","","",""
AUDI,A6,Zuzwil,silver,"","","","","",0,"",false,car,"","","",""
RENAULT,ALPINE,Zuzwil,silver,"","","","","",0,"",false,car,"","","",""
MERCEDES-BENZ,190,Zuzwil,blue,"","","","","",0,"",false,car,"","","",""
RENAULT,"",Zuzwil,black,"","","","","",0,"",false,car,"","","",""
AUDI,RS6,Zuzwil,black,"","","","","",0,"",false,car,"","","",""
MERCEDES-BENZ,CL 600,Zuzwil,silver,"","","","","",0,"",false,car,"","","",""
PORSCHE,911,Zuzwil,silver,"","","","","",0,"",false,car,"","","",""
AUDI,R8,Zuzwil,silver,"","","","","",0,"",false,car,"","","",""
AUDI,RS6,Zuzwil,silver,"","","","","",0,"",false,car,"","","",""
PORSCHE,PANAMERA,Zuzwil,silver,"","","","","",0,"",false,car,"","","",""
BMW,750,Zuzwil,silver,"","","","","",0,"",false,car,"","","",""
MASERATI,COUPÉ GT,Zuzwil,blue,"","","","","",0,"",false,car,"","","",""
MERCEDES-BENZ,CL 500,Zuzwil,grey,"","","","","",0,"",false,car,"","","",""
LAMBORGHINI,GALLARDO,Zuzwil,black,"","","","","",0,"",false,car,"","","",""
ROLLS-ROYCE,Silver Spur,Zuzwil,black,"","","","","",0,"",false,car,"","","",""
FERRARI,365,Sursee,silver,"","","","","",0,"",false,car,"","","",""
MERCEDES-BENZ,CLK 55 AMG,Zuzwil,silver,"","","","","",0,"",false,car,"","","",""
BENTLEY,ARNAGE,Zuzwil,blue,"","","","","",0,"",false,car,"","","",""
PORSCHE,911,Zuzwil,grün,"","","","","",0,"",false,car,"","","",""
MERCEDES-BENZ,E 63 AMG,Zuzwil,red,"","","","","",0,"",false,car,"","","",""
RENAULT,Alpine A110,Zuzwil,white,"","","","","",0,"",false,car,"","","",""
MERCEDES-BENZ,SL 500,Zuzwil,grün,"","","","","",0,"",false,car,"","","",""
FERRARI,456,Zuzwil,black,"","","","","",0,"",false,car,"","","",""
BMW,730,Zuzwil,black,"","","","","",0,"",false,car,"","","",""
FERRARI,F360,Zuzwil,black,"","","","","",0,"",false,car,"","","",""
MERCEDES-BENZ,S 320,Zuzwil,black,"","","","","",0,"",false,car,"","","",""
DATSUN,"",Zuzwil,silver,"","","","","",0,"",false,car,"","","",""
AGM,"",Zuzwil,white,"","","","","",0,"",false,car,"","","",""
PORSCHE,911,Zuzwil,white,"","","","","",0,"",false,car,"","","",""
ASTON MARTIN,V12 Vanquish,Zuzwil,grey,"","","","","",0,"",false,car,"","","",""
BMW,535,Zuzwil,black,"","","","","",0,"",false,car,"","","",""
PORSCHE,911,Zuzwil,black,"","","","","",0,"",false,car,"","","",""
MERCEDES-BENZ,SL 500,Zuzwil,white,"","","","","",0,"",false,car,"","","",""
BMW,X3,Zuzwil,blue,"","","","","",0,"",false,car,"","","",""
PORSCHE,911,Zuzwil,grey,"","","","","",0,"",false,car,"","","",""
AUDI,RS6,Zuzwil,anthrazit,"","","","","",0,"",false,car,"","","",""
BMW,528,Zuzwil,black,"","","","","",0,"",false,car,"","","",""
BMW,740,Zuzwil,black,"","","","","",0,"",false,car,"","","",""
JAGUAR,XJ,Zuzwil,blue,"","","","","",0,"",false,car,"","","",""
BMW,M5,Zuzwil,black,"","","","","",0,"",false,car,"","","",""
BMW,3.0,Zuzwil,black,"","","","","",0,"",false,car,"","","",""
PORSCHE,911,Zuzwil,silver,"","","","","",0,"",false,car,"","","",""
CHRYSLER,VIPER,Zuzwil,black,"","","","","",0,"",false,car,"","","",""
TALBOT,"",Zuzwil,black,"","","","","",0,"",false,car,"","","",""
RENAULT,R5,Zuzwil,silver,"","","","","",0,"",false,car,"","","",""
PORSCHE,911,Zuzwil,blue,"","","","","",0,"",false,car,"","","",""
FERRARI,F360,Zuzwil,black,"","","","","",0,"",false,car,"","","",""
JAGUAR,XK,Zuzwil,black,"","","","","",0,"",false,car,"","","",""
TOYOTA,LAND CRUISER,Zuzwil,silver,"","","","","",0,"",false,car,"","","",""
DE TOMASO,PANTERA,Zuzwil,white,"","","","","",0,"",false,car,"","","",""
MERCEDES-BENZ,SL 55 AMG,Zuzwil,anthrazit,"","","","","",0,"",false,car,"","","",""
BMW,535,Zuzwil,grey,"","","","","",0,"",false,car,"","","",""
AUDI,RS6,Zuzwil,grey,"","","","","",0,"",false,car,"","","",""
LAND ROVER,RANGE ROVER,Zuzwil,grey,"","","","","",0,"",false,car,"","","",""
PORSCHE,911,Zuzwil,red,"","","","","",0,"",false,car,"","","",""
MG,METRO,Zuzwil,black,"","","","","",0,"",false,car,"","","",""
AUDI,RS4,Zuzwil,black,"","","","","",0,"",false,car,"","","",""
HYUNDAI,COUPÉ,Zuzwil,black,"","","","","",0,"",false,car,"","","",""
BMW-ALPINA,3 SERIES,Zuzwil,silver,"","","","","",0,"",false,car,"","","",""
PORSCHE,911,Zuzwil,grün,"","","","","",0,"",false,car,"","","",""
AUDI,RS6,Zuzwil,red,"","","","","",0,"",false,car,"","","",""
BMW,M5,Zuzwil,black,"","","","","",0,"",false,car,"","","",""
BMW,535,Zuzwil,black,"","","","","",0,"",false,car,"","","",""
ASTON MARTIN,DB7,Zuzwil,silver,"","","","","",0,"",false,car,"","","",""
AUDI,A8,Zuzwil,silver,"","","","","",0,"",false,car,"","","",""
FERRARI,456,Zuzwil,grey,"","","","","",0,"",false,car,"","","",""
MERCEDES-BENZ,SLK 200,Zuzwil,grey,"","","","","",0,"",false,car,"","","",""
PORSCHE,CAYENNE,Zuzwil,black,"","","","","",0,"",false,car,"","","",""
AUDI,RS6,Zuzwil,silver,"","","","","",0,"",false,car,"","","",""
AUDI,RS4,Zuzwil,blue,"","","","","",0,"",false,car,"","","",""
MERCEDES-BENZ,SL 500,Zuzwil,black,"","","","","",0,"",false,car,"","","",""
MERCEDES-BENZ,SL 55 AMG,Zuzwil,black,"","","","","",0,"",false,car,"","","",""
FERRARI,F360,Zuzwil,silver,"","","","","",0,"",false,car,"","","",""
BMW,330,Zuzwil,silver,"","","","","",0,"",false,car,"","","",""
MERCEDES-BENZ,190,Zuzwil,silver,"","","","","",0,"",false,car,"","","",""
MERCEDES-BENZ,S 500,Zuzwil,violet,"","","","","",0,"",false,car,"","","",""
AUDI,RS6,Zuzwil,grün,"","","","","",0,"",false,car,"","","",""
LAMBORGHINI,GALLARDO,Zuzwil,black,"","","","","",0,"",false,car,"","","",""
BENTLEY,CONTINENTAL,Zuzwil,black,"","","","","",0,"",false,car,"","","",""
MERCEDES-BENZ,"",Zuzwil,black,"","","","","",0,"",false,car,"","","",""
MERCEDES-BENZ,CL 600,Zuzwil,white,"","","","","",0,"",false,car,"","","",""
LAND ROVER,RANGE ROVER,Zuzwil,grey,"","","","","",0,"",false,car,"","","",""
ASTON MARTIN,DBS,Zuzwil,grey,"","","","","",0,"",false,car,"","","",""
MERCEDES-BENZ,SL 500,Zuzwil,grey,"","","","","",0,"",false,car,"","","",""
NSU,"",Zuzwil,grün,"","","","","",0,"",false,car,"","","",""
BMW,2002,Zuzwil,black,"","","","","",0,"",false,car,"","","",""
FERRARI,612,Zuzwil,black,"","","","","",0,"",false,car,"","","",""
FERRARI,599,Zuzwil,silver,"","","","","",0,"",false,car,"","","",""
AUDI,S7,Zuzwil,silver,"","","","","",0,"",false,car,"","","",""
CHEVROLET,CORVETTE,Zuzwil,violet,"","","","","",0,"",false,car,"","","",""
MERCEDES-BENZ,CL 500,Zuzwil,blue,"","","","","",0,"",false,car,"","","",""
AUDI,RS6,Zuzwil,blue,"","","","","",0,"",false,car,"","","",""
FERRARI,575M,Zuzwil,grey,"","","","","",0,"",false,car,"","","",""
BENTLEY,CONTINENTAL,Zuzwil,blue,"","","","","",0,"",false,car,"","","",""
BENTLEY,ARNAGE,Zuzwil,silver,"","","","","",0,"",false,car,"","","",""
FERRARI,F430,Zuzwil,silver,"","","","","",0,"",false,car,"","","",""
MERCEDES-BENZ,SL 350,Zuzwil,grey,"","","","","",0,"",false,car,"","","",""
MERCEDES-BENZ,E 420,Zuzwil,grün,"","","","","",0,"",false,car,"","","",""
ROLLS-ROYCE,Silver Spirit,Zuzwil,black,"","","","","",0,"",false,car,"","","",""
RENAULT,ALPINE,Zuzwil,black,"","","","","",0,"",false,car,"","","",""
AUDI,RS4,Zuzwil,silver,"","","","","",0,"",false,car,"","","",""
BMW,2002,Zuzwil,silver,"","","","","",0,"",false,car,"","","",""
MERCEDES-BENZ,E 63 AMG,Zuzwil,blue,"","","","","",0,"",false,car,"","","",""
MERCEDES-BENZ,S 65 AMG,Zuzwil,blue,"","","","","",0,"",false,car,"","","",""
AUDI,A6,Zuzwil,blue,"","","","","",0,"",false,car,"","","",""
TOYOTA,CELICA,Zuzwil,blue,"","","","","",0,"",false,car,"","","",""
VOLVO,S40,Zuzwil,black,"","","","","",0,"",false,car,"","","",""
AUDI,S3,Zuzwil,black,"","","","","",0,"",false,car,"","","",""
MERCEDES-BENZ,S 600,Zuzwil,grün,"","","","","",0,"",false,car,"","","",""
LAMBORGHINI,DIABLO,Porrentruy,blue,"","","","","",0,"",false,car,"","","",""
AUDI,RS6,Zuzwil,black,"","","","","",0,"",false,car,"","","",""
VW,JETTA,Zuzwil,silver,"","","","","",0,"",false,car,"","","",""
BMW,730,Zuzwil,grün,"","","","","",0,"",false,car,"","","",""
MASERATI,QUATTROPORTE,Zuzwil,black,"","","","","",0,"",false,car,"","","",""
LAMBORGHINI,MURCIÉLAGO,Zuzwil,black,"","","","","",0,"",false,car,"","","",""
MERCEDES-BENZ,E 55 AMG,Zuzwil,silver,"","","","","",0,"",false,car,"","","",""
ROLLS-ROYCE,PHANTOM,Zuzwil,white,"","","","","",0,"",false,car,"","","",""
BMW,M3,Zuzwil,grey,"","","","","",0,"",false,car,"","","",""
DODGE,VIPER,Zuzwil,grey,"","","","","",0,"",false,car,"","","",""
MERCEDES-BENZ,B 200,Zuzwil,black,"","","","","",0,"",false,car,"","","",""
JAGUAR,XK,Zuzwil,black,"","","","","",0,"",false,car,"","","",""
ALFA ROMEO,8C,Porrentruy,silver,"","","","","",0,"",false,car,"","","",""
BENTLEY,ARNAGE,Basel,silver,"","","","","",0,"",false,car,"","","",""
AUDI,RS6,Zuzwil,blue,"","","","","",0,"",false,car,"","","",""
RENAULT,Alpine A110,Zuzwil,anthrazit,"","","","","",0,"",false,car,"","","",""
MERCEDES-BENZ,S 500,Zuzwil,grey,"","","","","",0,"",false,car,"","","",""
MG,MGC,Zuzwil,grey,"","","","","",0,"",false,car,"","","",""
FORD,SIERRA,Zuzwil,black,"","","","","",0,"",false,car,"","","",""
PORSCHE,911,Zuzwil,black,"","","","","",0,"",false,car,"","","",""
BMW,535,Zuzwil,silver,"","","","","",0,"",false,car,"","","",""
BMW,540,Zuzwil,grey,"","","","","",0,"",false,car,"","","",""
RENAULT,ALPINE,Zuzwil,blue,"","","","","",0,"",false,car,"","","",""
MERCEDES-BENZ,SL 500,Zuzwil,black,"","","","","",0,"",false,car,"","","",""
MG,"",Zuzwil,silver,"","","","","",0,"",false,car,"","","",""
VW,GOLF,Zuzwil,silver,"","","","","",0,"",false,car,"","","",""
VW,EOS,Zuzwil,blue,"","","","","",0,"",false,car,"","","",""
VOLVO,C70,Zuzwil,blue,"","","","","",0,"",false,car,"","","",""
MERCEDES-BENZ,E 55 AMG,Zuzwil,bordeaux,"","","","","",0,"",false,car,"","","",""
AUDI,A8,Zuzwil,black,"","","","","",0,"",false,car,"","","",""
PORSCHE,PANAMERA,Zuzwil,blue,"","","","","",0,"",false,car,"","","",""
AUDI,RS6,Zuzwil,blue,"","","","","",0,"",false,car,"","","",""
WIESMANN,COUPE,Zuzwil,silver,"","","","","",0,"",false,car,"","","",""
AUDI,RS6,Zuzwil,black,"","","","","",0,"",false,car,"","","",""
BENTLEY,ARNAGE,Zuzwil,grey,"","","","","",0,"",false,car,"","","",""
MERCEDES-BENZ,E 350,Zuzwil,red,"","","","","",0,"",false,car,"","","",""
MERCEDES-BENZ,CLS 500,Zuzwil,black,"","","","","",0,"",false,car,"","","",""
BMW,323,Zuzwil,black,"","","","","",0,"",false,car,"","","",""
FERRARI,458,Zuzwil,black,"","","","","",0,"",false,car,"","","",""
LAND ROVER,DISCOVERY,Zuzwil,silver,"","","","","",0,"",false,car,"","","",""
FERRARI,456,Zuzwil,white,"","","","","",0,"",false,car,"","","",""
PORSCHE,CAYENNE,Zuzwil,grey,"","","","","",0,"",false,car,"","","",""
BMW,323,Zuzwil,grün,"","","","","",0,"",false,car,"","","",""
VW,PHAETON,Zuzwil,black,"","","","","",0,"",false,car,"","","",""
MERCEDES-BENZ,E 430,Zuzwil,silver,"","","","","",0,"",false,car,"","","",""
VOLVO,S60,Zuzwil,silver,"","","","","",0,"",false,car,"","","",""
AUDI,RS6,Zuzwil,blue,"","","","","",0,"",false,car,"","","",""
PORSCHE,PANAMERA,Zuzwil,white,"","","","","",0,"",false,car,"","","",""
FORD (USA),MUSTANG,Zuzwil,blue,"","","","","",0,"",false,car,"","","",""
MERCEDES-BENZ,CL 500,Zuzwil,grey,"","","","","",0,"",false,car,"","","",""
TRABANT,"",Zuzwil,black,"","","","","",0,"",false,car,"","","",""
PORSCHE,911,Zuzwil,black,"","","","","",0,"",false,car,"","","",""
BMW,M5,Zuzwil,black,"","","","","",0,"",false,car,"","","",""
BMW,X5,Zuzwil,silver,"","","","","",0,"",false,car,"","","",""
RENAULT,ESPACE,Zuzwil,white,"","","","","",0,"",false,car,"","","",""
PORSCHE,911,Zuzwil,grün,"","","","","",0,"",false,car,"","","",""
BMW,X5,Zuzwil,red,"","","","","",0,"",false,car,"","","",""
AUDI,RS6,Zuzwil,black,"","","","","",0,"",false,car,"","","",""
MERCEDES-BENZ,E 420,Zuzwil,silver,"","","","","",0,"",false,car,"","","",""
PORSCHE,CAYENNE,Zuzwil,gelb,"","","","","",0,"",false,car,"","","",""
BMW,530 Gran Turismo,Zuzwil,grey,"","","","","",0,"",false,car,"","","",""
BMW,X5,Zuzwil,anthrazit,"","","","","",0,"",false,car,"","","",""
AUDI,RS6,Zuzwil,grey,"","","","","",0,"",false,car,"","","",""
RENAULT,Alpine A110,Zuzwil,blue,"","","","","",0,"",false,car,"","","",""
CHEVROLET,CORVETTE,Zuzwil,silver,"","","","","",0,"",false,car,"","","",""
AUDI,RS4,Zuzwil,blue,"","","","","",0,"",false,car,"","","",""
PORSCHE,CAYENNE,Zuzwil,white,"","","","","",0,"",false,car,"","","",""
MERCEDES-BENZ,S 400,Zuzwil,gelb,"","","","","",0,"",false,car,"","","",""
AUDI,R8,Zuzwil,grey,"","","","","",0,"",false,car,"","","",""
PORSCHE,911,Zuzwil,black,"","","","","",0,"",false,car,"","","",""
MERCEDES-BENZ,SLK 55 AMG,Zuzwil,black,"","","","","",0,"",false,car,"","","",""
AUDI,S6,Zuzwil,gelb,"","","","","",0,"",false,car,"","","",""
CHRYSLER,300C,Zuzwil,red,"","","","","",0,"",false,car,"","","",""
MERCEDES-BENZ,CL 600,Zuzwil,red,"","","","","",0,"",false,car,"","","",""
BMW,540,Zuzwil,black,"","","","","",0,"",false,car,"","","",""
BENTLEY,CONTINENTAL,Zuzwil,black,"","","","","",0,"",false,car,"","","",""
JAGUAR,XJ,Zuzwil,blue,"","","","","",0,"",false,car,"","","",""
AUDI,A8,Zuzwil,silver,"","","","","",0,"",false,car,"","","",""
FERRARI,458,Zuzwil,white,"","","","","",0,"",false,car,"","","",""
FERRARI,575M,Zuzwil,grey,"","","","","",0,"",false,car,"","","",""
PORSCHE,PANAMERA,Zuzwil,grey,"","","","","",0,"",false,car,"","","",""
LAMBORGHINI,GALLARDO,St. Gallen,black,"","","","","",0,"",false,car,"","","",""
PORSCHE,911,Zuzwil,black,"","","","","",0,"",false,car,"","","",""
FERRARI,F430,Zuzwil,black,"","","","","",0,"",false,car,"","","",""
MERCEDES-BENZ,A 150,Zuzwil,white,"","","","","",0,"",false,car,"","","",""
BMW,335,Zuzwil,black,"","","","","",0,"",false,car,"","","",""
YES!,"",Zuzwil,black,"","","","","",0,"",false,car,"","","",""
LAND ROVER,RANGE ROVER SPORT,Zuzwil,black,"","","","","",0,"",false,car,"","","",""
MERCEDES-BENZ,SL 500,Zuzwil,silver,"","","","","",0,"",false,car,"","","",""
PORSCHE,911,Zuzwil,blue,"","","","","",0,"",false,car,"","","",""
PORSCHE,911,Zuzwil,grey,"","","","","",0,"",false,car,"","","",""
MERCEDES-BENZ,ML 63 AMG,Zuzwil,grün,"","","","","",0,"",false,car,"","","",""
MERCEDES-BENZ,S 320,Zuzwil,black,"","","","","",0,"",false,car,"","","",""
MERCEDES-BENZ,CLS 500,Zuzwil,white,"","","","","",0,"",false,car,"","","",""
VW,PHAETON,Zuzwil,white,"","","","","",0,"",false,car,"","","",""
BENTLEY,"",Zuzwil,bordeaux,"","","","","",0,"",false,car,"","","",""
BMW,M3,Zuzwil,bordeaux,"","","","","",0,"",false,car,"","","",""
RENAULT,R5,Zuzwil,gold,"","","","","",0,"",false,car,"","","",""
BMW,"",Zuzwil,grey,"","","","","",0,"",false,car,"","","",""
RENAULT,ALPINE,Zuzwil,red,"","","","","",0,"",false,car,"","","",""
FERRARI,F355,Zuzwil,black,"","","","","",0,"",false,car,"","","",""
LAMBORGHINI,GALLARDO,Zuzwil,black,"","","","","",0,"",false,car,"","","",""
VW,GOLF,Zuzwil,silver,"","","","","",0,"",false,car,"","","",""
RENAULT,ALPINE,Zuzwil,blue,"","","","","",0,"",false,car,"","","",""
FERRARI,575M,Zuzwil,blue,"","","","","",0,"",false,car,"","","",""
BMW,M3,Zuzwil,blue,"","","","","",0,"",false,car,"","","",""
PORSCHE,911,Zuzwil,silver,"","","","","",0,"",false,car,"","","",""
PORSCHE,911,Zuzwil,white,"","","","","",0,"",false,car,"","","",""
MERCEDES-BENZ,SL 500,Zuzwil,red,"","","","","",0,"",false,car,"","","",""
MERCEDES-BENZ,SL 55 AMG,Zuzwil,blue,"","","","","",0,"",false,car,"","","",""
TOYOTA,COROLLA,Zuzwil,silver,"","","","","",0,"",false,car,"","","",""
MERCEDES-BENZ,SL 600,Zuzwil,grey,"","","","","",0,"",false,car,"","","",""
RENAULT,Alpine A110,Zuzwil,grün,"","","","","",0,"",false,car,"","","",""
PORSCHE,911,Zuzwil,black,"","","","","",0,"",false,car,"","","",""
FERRARI,456,Zuzwil,silver,"","","","","",0,"",false,car,"","","",""
BENTLEY,BROOKLANDS,Zuzwil,blue,"","","","","",0,"",false,car,"","","",""
PORSCHE,911,Zuzwil,grün,"","","","","",0,"",false,car,"","","",""
FERRARI,F355,Zuzwil,black,"","","","","",0,"",false,car,"","","",""
BMW,750,Zuzwil,black,"","","","","",0,"",false,car,"","","",""
MERCEDES-BENZ,SLK 55 AMG,Zuzwil,black,"","","","","",0,"",false,car,"","","",""
LAMBORGHINI,DIABLO,Zuzwil,black,"","","","","",0,"",false,car,"","","",""
LAND ROVER,RANGE ROVER,Zuzwil,anthrazit,"","","","","",0,"",false,car,"","","",""
AUDI,RS6,Zuzwil,grey,"","","","","",0,"",false,car,"","","",""
MERCEDES-BENZ,S 65 AMG,Zuzwil,grey,"","","","","",0,"",false,car,"","","",""
AUSTIN-HEALEY,"",Zuzwil,grey,"","","","","",0,"",false,car,"","","",""
AUDI,S8,Zuzwil,black,"","","","","",0,"",false,car,"","","",""
RENAULT,ALPINE,Zuzwil,black,"","","","","",0,"",false,car,"","","",""
FERRARI,456,Zuzwil,black,"","","","","",0,"",false,car,"","","",""
PORSCHE,911,Zuzwil,black,"","","","","",0,"",false,car,"","","",""
BMW,M6,Zuzwil,silver,"","","","","",0,"",false,car,"","","",""
RENAULT,CLIO,Zuzwil,blue,"","","","","",0,"",false,car,"","","",""
RENAULT,Alpine A110,Zuzwil,silver,"","","","","",0,"",false,car,"","","",""
BMW,M5,Zuzwil,grün,"","","","","",0,"",false,car,"","","",""
RENAULT,ALPINE,Zuzwil,black,"","","","","",0,"",false,car,"","","",""
MERCEDES-BENZ,SL 600,Zuzwil,black,"","","","","",0,"",false,car,"","","",""
DATSUN,280,Zuzwil,silver,"","","","","",0,"",false,car,"","","",""
LAMBORGHINI,DIABLO,Porrentruy,violet,"","","","","",0,"",false,car,"","","",""
HONDA,LEGEND,Zuzwil,blue,"","","","","",0,"",false,car,"","","",""
TOYOTA,CELICA,Zuzwil,grey,"","","","","",0,"",false,car,"","","",""
TOYOTA,CELICA,Zuzwil,black,"","","","","",0,"",false,car,"","","",""
ROLLS-ROYCE,CORNICHE,Zuzwil,black,"","","","","",0,"",false,car,"","","",""
RENAULT,CLIO,Zuzwil,silver,"","","","","",0,"",false,car,"","","",""
CHRYSLER,VIPER,Zuzwil,silver,"","","","","",0,"",false,car,"","","",""
PORSCHE,911,Zuzwil,grey,"","","","","",0,"",false,car,"","","",""
AUDI,RS6,Zuzwil,grey,"","","","","",0,"",false,car,"","","",""
FERRARI,Dino,Sursee,grün,"","","","","",0,"",false,car,"","","",""
MERCEDES-BENZ,S 350,Zuzwil,black,"","","","","",0,"",false,car,"","","",""
MERCEDES-BENZ,SL 500,Zuzwil,black,"","","","","",0,"",false,car,"","","",""
FERRARI,F360,Zuzwil,silver,"","","","","",0,"",false,car,"","","",""
ASTON MARTIN,DB9,Zuzwil,silver,"","","","","",0,"",false,car,"","","",""
BMW,740,Zuzwil,white,"","","","","",0,"",false,car,"","","",""
MERCEDES-BENZ,ML 500,Zuzwil,blue,"","","","","",0,"",false,car,"","","",""
DAEWOO,TACUMA,Zuzwil,gelb,"","","","","",0,"",false,car,"","","",""
PORSCHE,911,Zuzwil,red,"","","","","",0,"",false,car,"","","",""
MERCEDES-BENZ,CLS 500,Zuzwil,blue,"","","","","",0,"",false,car,"","","",""
ALFA ROMEO,SPIDER,Zuzwil,black,"","","","","",0,"",false,car,"","","",""
MERCEDES-BENZ,ML 350,Zuzwil,silver,"","","","","",0,"",false,car,"","","",""
AUDI,Cabriolet,Zuzwil,anthrazit,"","","","","",0,"",false,car,"","","",""
PORSCHE,911,Zuzwil,blue,"","","","","",0,"",false,car,"","","",""
CHRYSLER,VIPER,Zuzwil,gelb,"","","","","",0,"",false,car,"","","",""
MAZDA,RX-7,Zuzwil,grey,"","","","","",0,"",false,car,"","","",""
AUDI,A8,Zuzwil,red,"","","","","",0,"",false,car,"","","",""
JEEP,Grand Cherokee,Zuzwil,black,"","","","","",0,"",false,car,"","","",""
PORSCHE,911,Zuzwil,black,"","","","","",0,"",false,car,"","","",""
SMART,FORTWO,Zuzwil,black,"","","","","",0,"",false,car,"","","",""
AUDI,RS6,Zuzwil,black,"","","","","",0,"",false,car,"","","",""
MERCEDES-BENZ,SL 500,Zuzwil,black,"","","","","",0,"",false,car,"","","",""
BMW,M6,Zuzwil,black,"","","","","",0,"",false,car,"","","",""
BMW-ALPINA,5 SERIES,Zuzwil,black,"","","","","",0,"",false,car,"","","",""
MERCEDES-BENZ,280,Sursee,silver,"","","","","",0,"",false,car,"","","",""
PORSCHE,911,Zuzwil,silver,"","","","","",0,"",false,car,"","","",""
MERCEDES-BENZ,C 63 AMG,Zuzwil,anthrazit,"","","","","",0,"",false,car,"","","",""
MERCEDES-BENZ,SL 55 AMG,Zuzwil,black,"","","","","",0,"",false,car,"","","",""
MASERATI,COUPÉ GT,Zuzwil,black,"","","","","",0,"",false,car,"","","",""
SAAB,9-5,Zuzwil,black,"","","","","",0,"",false,car,"","","",""
HONDA,ACCORD,Zuzwil,black,"","","","","",0,"",false,car,"","","",""
MERCEDES-BENZ,190,Zuzwil,gelb,"","","","","",0,"",false,car,"","","",""
BUGATTI,"",Sursee,anthrazit,"","","","","",0,"",false,car,"","","",""
BENTLEY,CONTINENTAL,Zuzwil,black,"","","","","",0,"",false,car,"","","",""
MERCEDES-BENZ,CLS 350,Zuzwil,silver,"","","","","",0,"",false,car,"","","",""
PORSCHE,911,Zuzwil,white,"","","","","",0,"",false,car,"","","",""
AUDI,RS6,Zuzwil,anthrazit,"","","","","",0,"",false,car,"","","",""
BUGATTI,EB,Zuzwil,grey,"","","","","",0,"",false,car,"","","",""
VW,PHAETON,Zuzwil,grün,"","","","","",0,"",false,car,"","","",""
MERCEDES-BENZ,SL 500,Zuzwil,black,"","","","","",0,"",false,car,"","","",""
PORSCHE,911,Zuzwil,black,"","","","","",0,"",false,car,"","","",""
FERRARI,F360,Zuzwil,blue,"","","","","",0,"",false,car,"","","",""
OPEL,VECTRA,Zuzwil,black,"","","","","",0,"",false,car,"","","",""
MERCEDES-BENZ,SL 600,Zuzwil,black,"","","","","",0,"",false,car,"","","",""
FIAT,STILO,Zuzwil,silver,"","","","","",0,"",false,car,"","","",""
MERCEDES-BENZ,S 600,Zuzwil,grün,"","","","","",0,"",false,car,"","","",""
AUDI,RS6,Zuzwil,grün,"","","","","",0,"",false,car,"","","",""
PORSCHE,911,Zuzwil,red,"","","","","",0,"",false,car,"","","",""
MERCEDES-BENZ,ML 500,Zuzwil,black,"","","","","",0,"",false,car,"","","",""
PORSCHE,911,Zuzwil,black,"","","","","",0,"",false,car,"","","",""
AUDI,S6,Zuzwil,black,"","","","","",0,"",false,car,"","","",""
LANCIA,DELTA,Zuzwil,silver,"","","","","",0,"",false,car,"","","",""
PORSCHE,911,Zuzwil,silver,"","","","","",0,"",false,car,"","","",""
ALFA ROMEO,GTV,Zuzwil,orange,"","","","","",0,"",false,car,"","","",""
RENAULT,Alpine A110,Zuzwil,black,"","","","","",0,"",false,car,"","","",""
RENAULT,ALPINE,Zuzwil,silver,"","","","","",0,"",false,car,"","","",""
FORD (USA),MUSTANG,Sursee,silver,"","","","","",0,"",false,car,"","","",""
MERCEDES-BENZ,SL 500,Zuzwil,silver,"","","","","",0,"",false,car,"","","",""
BMW,323,Zuzwil,grey,"","","","","",0,"",false,car,"","","",""
ASTON MARTIN,V8 Vantage,Zuzwil,black,"","","","","",0,"",false,car,"","","",""
PORSCHE,CAYENNE,Zuzwil,black,"","","","","",0,"",false,car,"","","",""
AUDI,RS6,Zuzwil,black,"","","","","",0,"",false,car,"","","",""
BMW-ALPINA,3 SERIES,Zuzwil,anthrazit,"","","","","",0,"",false,car,"","","",""
AUDI,RS6,Zuzwil,grey,"","","","","",0,"",false,car,"","","",""
FERRARI,456,Zuzwil,grün,"","","","","",0,"",false,car,"","","",""
MERCEDES-BENZ,SL 55 AMG,Zuzwil,blue,"","","","","",0,"",false,car,"","","",""
MERCEDES-BENZ,S 65 AMG,Zuzwil,silver,"","","","","",0,"",false,car,"","","",""
BMW,330,Zuzwil,white,"","","","","",0,"",false,car,"","","",""
RENAULT,ALPINE,Zuzwil,blue,"","","","","",0,"",false,car,"","","",""
BMW,M5,Zuzwil,gelb,"","","","","",0,"",false,car,"","","",""
OPEL,SPEEDSTER,Zuzwil,blue,"","","","","",0,"",false,car,"","","",""
MERCEDES-BENZ,E 250,Zuzwil,silver,"","","","","",0,"",false,car,"","","",""
AUDI,RS6,Zuzwil,silver,"","","","","",0,"",false,car,"","","",""
CITROEN,2CV,Zuzwil,silver,"","","","","",0,"",false,car,"","","",""
MERCEDES-BENZ,CL 600,Zuzwil,black,"","","","","",0,"",false,car,"","","",""
MERCEDES-BENZ,SL 500,Zuzwil,silver,"","","","","",0,"",false,car,"","","",""
BMW,Z1,Zuzwil,blue,"","","","","",0,"",false,car,"","","",""
MERCEDES-BENZ,SLR,Zuzwil,blue,"","","","","",0,"",false,car,"","","",""
PORSCHE,924,Zuzwil,blue,"","","","","",0,"",false,car,"","","",""
FIAT,PUNTO,Zuzwil,grey,"","","","","",0,"",false,car,"","","",""
VW,GOLF,Zuzwil,grey,"","","","","",0,"",false,car,"","","",""
PORSCHE,CAYENNE,Zuzwil,grey,"","","","","",0,"",false,car,"","","",""
MERCEDES-BENZ,S 500,Porrentruy,grün,"","","","","",0,"",false,car,"","","",""
LAMBORGHINI,DIABLO,Porrentruy,grün,"","","","","",0,"",false,car,"","","",""
MERCEDES-BENZ,"",Zuzwil,grün,"","","","","",0,"",false,car,"","","",""
PEUGEOT,406,Zuzwil,grün,"","","","","",0,"",false,car,"","","",""
PORSCHE,BOXSTER,Zuzwil,red,"","","","","",0,"",false,car,"","","",""
MERCEDES-BENZ,SL 320,Zuzwil,black,"","","","","",0,"",false,car,"","","",""
LOTUS,"",Zuzwil,black,"","","","","",0,"",false,car,"","","",""
TRIUMPH,TR3,Safenwil,silver,"","","","","",0,"",false,car,"","","",""
FERRARI,F355,Zuzwil,silver,"","","","","",0,"",false,car,"","","",""
BMW,M5,Zuzwil,blue,"","","","","",0,"",false,car,"","","",""
MERCEDES-BENZ,SLK 230,Zuzwil,blue,"","","","","",0,"",false,car,"","","",""
MERCEDES-BENZ,SL 500,Zuzwil,black,"","","","","",0,"",false,car,"","","",""
FERRARI,F355,Zuzwil,blue,"","","","","",0,"",false,car,"","","",""
RENAULT,SPORT SPIDER,Zuzwil,silver,"","","","","",0,"",false,car,"","","",""
PORSCHE,911,Zuzwil,silver,"","","","","",0,"",false,car,"","","",""
RENAULT,ALPINE,Zuzwil,white,"","","","","",0,"",false,car,"","","",""
MERCEDES-BENZ,CL 600,Zuzwil,red,"","","","","",0,"",false,car,"","","",""
AUDI,S5,Zuzwil,black,"","","","","",0,"",false,car,"","","",""
LAMBORGHINI,MURCIÉLAGO,Zuzwil,silver,"","","","","",0,"",false,car,"","","",""
BENTLEY,CONTINENTAL,Zuzwil,white,"","","","","",0,"",false,car,"","","",""
PORSCHE,911,Zuzwil,red,"","","","","",0,"",false,car,"","","",""
AUDI,RS6,Zuzwil,silver,"","","","","",0,"",false,car,"","","",""
MERCEDES-BENZ,ML 400,Zuzwil,white,"","","","","",0,"",false,car,"","","",""
HUMMER,H3,Zuzwil,white,"","","","","",0,"",false,car,"","","",""
BMW,750,Zuzwil,blue,"","","","","",0,"",false,car,"","","",""
LANCIA,DELTA,Zuzwil,grey,"","","","","",0,"",false,car,"","","",""
LAMBORGHINI,MURCIÉLAGO,Porrentruy,black,"","","","","",0,"",false,car,"","","",""
MERCEDES-BENZ,E 320,Zuzwil,silver,"","","","","",0,"",false,car,"","","",""
FERRARI,F12,Zuzwil,blue,"","","","","",0,"",false,car,"","","",""
AUDI,R8,Zuzwil,black,"","","","","",0,"",false,car,"","","",""
BMW,X5,Zuzwil,black,"","","","","",0,"",false,car,"","","",""
MERCEDES-BENZ,SL 500,Zuzwil,silver,"","","","","",0,"",false,car,"","","",""
MERCEDES-BENZ,SL 320,Zuzwil,blue,"","","","","",0,"",false,car,"","","",""
BMW,323,Zuzwil,black,"","","","","",0,"",false,car,"","","",""
MERCEDES-BENZ,SLK 350,Zuzwil,blue,"","","","","",0,"",false,car,"","","",""
TRIUMPH,Dolomite,Zuzwil,white,"","","","","",0,"",false,car,"","","",""
AUDI,A4,Zuzwil,white,"","","","","",0,"",false,car,"","","",""
CHEVROLET,CORVETTE,Zuzwil,grey,"","","","","",0,"",false,car,"","","",""
AUDI,A6,Zuzwil,grün,"","","","","",0,"",false,car,"","","",""
LINCOLN,Navigator,Zuzwil,blue,"","","","","",0,"",false,car,"","","",""
PORSCHE,911,Zuzwil,red,"","","","","",0,"",false,car,"","","",""
MASERATI,QUATTROPORTE,Zuzwil,black,"","","","","",0,"",false,car,"","","",""
TOYOTA,LAND CRUISER,Zuzwil,black,"","","","","",0,"",false,car,"","","",""
AUDI,RS6,Zuzwil,grey,"","","","","",0,"",false,car,"","","",""
MERCEDES-BENZ,S 65 AMG,Zuzwil,beige,"","","","","",0,"",false,car,"","","",""
MERCEDES-BENZ,SLR,Zuzwil,silver,"","","","","",0,"",false,car,"","","",""
BMW,M5,Zuzwil,white,"","","","","",0,"",false,car,"","","",""
PORSCHE,911,Zuzwil,grey,"","","","","",0,"",false,car,"","","",""
MERCEDES-BENZ,C 240,Zuzwil,silver,"","","","","",0,"",false,car,"","","",""
McLAREN,12C,Zuzwil,white,"","","","","",0,"",false,car,"","","",""
MERCEDES-BENZ,E 55 AMG,Zuzwil,blue,"","","","","",0,"",false,car,"","","",""
AUDI,TT,Zuzwil,black,"","","","","",0,"",false,car,"","","",""
PORSCHE,911,Zuzwil,black,"","","","","",0,"",false,car,"","","",""
ASTON MARTIN,DB7,Zuzwil,blue,"","","","","",0,"",false,car,"","","",""
MERCEDES-BENZ,C 180,Zuzwil,black,"","","","","",0,"",false,car,"","","",""
MERCEDES-BENZ,C 43 AMG,Zuzwil,black,"","","","","",0,"",false,car,"","","",""
PORSCHE,911,Zuzwil,silver,"","","","","",0,"",false,car,"","","",""
FERRARI,599,Zuzwil,white,"","","","","",0,"",false,car,"","","",""
AUDI,A8,Zuzwil,anthrazit,"","","","","",0,"",false,car,"","","",""
MERCEDES-BENZ,E 50 AMG,Zuzwil,red,"","","","","",0,"",false,car,"","","",""
SEAT,LEON,Zuzwil,black,"","","","","",0,"",false,car,"","","",""
MERCEDES-BENZ,ML 430,Zuzwil,black,"","","","","",0,"",false,car,"","","",""
VW,TOUAREG,Zuzwil,silver,"","","","","",0,"",false,car,"","","",""
MERCEDES-BENZ,CLS 500,Zuzwil,silver,"","","","","",0,"",false,car,"","","",""
PORSCHE,911,Zuzwil,silver,"","","","","",0,"",false,car,"","","",""
PORSCHE,911,Zuzwil,silver,"","","","","",0,"",false,car,"","","",""
MASERATI,COUPÉ GT,Zuzwil,red,"","","","","",0,"",false,car,"","","",""
MERCEDES-BENZ,SL 55 AMG,Zuzwil,black,"","","","","",0,"",false,car,"","","",""
MERCEDES-BENZ,SL-CLASS,Zuzwil,black,"","","","","",0,"",false,car,"","","",""
PORSCHE,911,Zuzwil,black,"","","","","",0,"",false,car,"","","",""
LOTUS,ESPRIT,Zuzwil,blue,"","","","","",0,"",false,car,"","","",""
PORSCHE,911,Zuzwil,gelb,"","","","","",0,"",false,car,"","","",""
MASERATI,QUATTROPORTE,Zuzwil,silver,"","","","","",0,"",false,car,"","","",""
MERCEDES-BENZ,C 320,Zuzwil,blue,"","","","","",0,"",false,car,"","","",""
MERCEDES-BENZ,SL 600,Zuzwil,bordeaux,"","","","","",0,"",false,car,"","","",""
AUDI,S3,Zuzwil,grün,"","","","","",0,"",false,car,"","","",""
PORSCHE,911,Zuzwil,orange,"","","","","",0,"",false,car,"","","",""
MERCEDES-BENZ,S 55 AMG,Zuzwil,black,"","","","","",0,"",false,car,"","","",""
MERCEDES-BENZ,SL 320,Zuzwil,silver,"","","","","",0,"",false,car,"","","",""
AUDI,RS6,Zuzwil,red,"","","","","",0,"",false,car,"","","",""
MERCEDES-BENZ,S 600,Zuzwil,black,"","","","","",0,"",false,car,"","","",""
ALFA ROMEO,GT,Zuzwil,silver,"","","","","",0,"",false,car,"","","",""
MERCEDES-BENZ,S 500,Zuzwil,bordeaux,"","","","","",0,"",false,car,"","","",""
MERCEDES-BENZ,CL 600,Zuzwil,silver,"","","","","",0,"",false,car,"","","",""
ROLLS-ROYCE,CORNICHE,Zuzwil,silver,"","","","","",0,"",false,car,"","","",""
MERCEDES-BENZ,SL 600,Zuzwil,blue,"","","","","",0,"",false,car,"","","",""
BMW,323,Zuzwil,grey,"","","","","",0,"",false,car,"","","",""
PORSCHE,924,Zuzwil,grey,"","","","","",0,"",false,car,"","","",""
LAND ROVER,DEFENDER,Zuzwil,grey,"","","","","",0,"",false,car,"","","",""
LAMBORGHINI,AVENTADOR,Porrentruy,black,"","","","","",0,"",false,car,"","","",""
FERRARI,575M,Zuzwil,black,"","","","","",0,"",false,car,"","","",""
BMW,M5,Zuzwil,silver,"","","","","",0,"",false,car,"","","",""
PORSCHE,911,Zuzwil,silver,"","","","","",0,"",false,car,"","","",""
MERCEDES-BENZ,"",Zuzwil,blue,"","","","","",0,"",false,car,"","","",""
PORSCHE,911,Zuzwil,grey,"","","","","",0,"",false,car,"","","",""
PORSCHE,911,Zuzwil,grün,"","","","","",0,"",false,car,"","","",""
BMW,330,Zuzwil,black,"","","","","",0,"",false,car,"","","",""
McLAREN,12C,Zuzwil,black,"","","","","",0,"",false,car,"","","",""
RENAULT,SPORT SPIDER,Zuzwil,silver,"","","","","",0,"",false,car,"","","",""
MERCEDES-BENZ,SL 320,Zuzwil,white,"","","","","",0,"",false,car,"","","",""
AUDI,S6,Zuzwil,grey,"","","","","",0,"",false,car,"","","",""
MERCEDES-BENZ,S 500,Zuzwil,bordeaux,"","","","","",0,"",false,car,"","","",""
MERCEDES-BENZ,SL 500,Zuzwil,grey,"","","","","",0,"",false,car,"","","",""
JAGUAR,XJ,Zuzwil,red,"","","","","",0,"",false,car,"","","",""
MERCEDES-BENZ,SLK 200,Zuzwil,black,"","","","","",0,"",false,car,"","","",""
MERCEDES-BENZ,CLS 55 AMG,Zuzwil,black,"","","","","",0,"",false,car,"","","",""
PORSCHE,911,Zuzwil,black,"","","","","",0,"",false,car,"","","",""
NISSAN,Skyline,Zuzwil,silver,"","","","","",0,"",false,car,"","","",""
MERCEDES-BENZ,S 65 AMG,Zuzwil,silver,"","","","","",0,"",false,car,"","","",""
MERCEDES-BENZ,SLS 63,Zuzwil,black,"","","","","",0,"",false,car,"","","",""
MERCEDES-BENZ,SL 500,Zuzwil,silver,"","","","","",0,"",false,car,"","","",""
MASERATI,COUPÉ GT,Zuzwil,silver,"","","","","",0,"",false,car,"","","",""
FERRARI,612,Zuzwil,grey,"","","","","",0,"",false,car,"","","",""
PORSCHE,911,Zuzwil,blue,"","","","","",0,"",false,car,"","","",""
VW,TOURAN,Zuzwil,black,"","","","","",0,"",false,car,"","","",""
MERCEDES-BENZ,CLK 320,Zuzwil,silver,"","","","","",0,"",false,car,"","","",""
AUDI,RS6,Zuzwil,white,"","","","","",0,"",false,car,"","","",""
MERCEDES-BENZ,CLS 63 AMG,Zuzwil,blue,"","","","","",0,"",false,car,"","","",""
FERRARI,456,Zuzwil,gelb,"","","","","",0,"",false,car,"","","",""
RUF,"",Zuzwil,grey,"","","","","",0,"",false,car,"","","",""
MERCEDES-BENZ,SL 55 AMG,Zuzwil,black,"","","","","",0,"",false,car,"","","",""
LAND ROVER,RANGE ROVER,Zuzwil,black,"","","","","",0,"",false,car,"","","",""
BMW,328,Zuzwil,silver,"","","","","",0,"",false,car,"","","",""
