modal,modal_variant,city,color,make,mileage,mileage_unit,price_on_request,carType,condition,currency,drive,country,type,zip,manufacture_month,manufacture_year,fuel_consumption_unit
ML 400,SUV / Geländewagen,Zuzwil,Silver,Mercedes-Benz,0,"",false,"","","","","",car,"","","",""
E 50 AMG,Limousine,Zuzwil,Violet,Mercedes-Benz,0,"",false,"","","","","",car,"","","",""
SPYDER GT,Cabriolet,Zuzwil,Gray,Maserati,0,"",false,"","","","","",car,"","","",""
Virage,Coupé,Zuzwil,Gray,Aston Martin,0,"",false,"","","","","",car,"","","",""
S 500,Limousine,Zuzwil,Black,Mercedes-Benz,0,"",false,"","","","","",car,"","","",""
166,Limousine,Zuzwil,Black,Alfa Romeo,0,"",false,"","","","","",car,"","","",""
911,Coupé,Zuzwil,Black,Porsche,0,"",false,"","","","","",car,"","","",""
RS4,Limousine,Zuzwil,Blue,Audi,0,"",false,"","","","","",car,"","","",""
CONTINENTAL,Coupé,Zuzwil,White,Bentley,0,"",false,"","","","","",car,"","","",""
SL 55 AMG,Cabriolet,Zuzwil,White,Mercedes-Benz,0,"",false,"","","","","",car,"","","",""
CORNICHE,Cabriolet,Zuzwil,Yellow,Rolls-Royce,0,"",false,"","","","","",car,"","","",""
SLK 350,Cabriolet,Zuzwil,Gray,Mercedes-Benz,0,"",false,"","","","","",car,"","","",""
SPYDER GT,Cabriolet,Zuzwil,Blue,Maserati,0,"",false,"","","","","",car,"","","",""
CAYENNE,SUV / Geländewagen,Zuzwil,Blue,Porsche,0,"",false,"","","","","",car,"","","",""
CL 65 AMG,Coupé,Zuzwil,Gray,Mercedes-Benz,0,"",false,"","","","","",car,"","","",""
S 500,Limousine,Zuzwil,Gray,Mercedes-Benz,0,"",false,"","","","","",car,"","","",""
750,Limousine,Zuzwil,Black,Bmw,0,"",false,"","","","","",car,"","","",""
LAGONDA,Kombi,Safenwil,Black,Aston Martin,0,"",false,"","","","","",car,"","","",""
SPYDER GT,Cabriolet,Zuzwil,White,Maserati,0,"",false,"","","","","",car,"","","",""
TURBO,Limousine,Zuzwil,Blue,Bentley,0,"",false,"","","","","",car,"","","",""
M5,Limousine,Zuzwil,Red,Bmw,0,"",false,"","","","","",car,"","","",""
Spitfire,Cabriolet,Zuzwil,Blue,Triumph,0,"",false,"","","","","",car,"","","",""
M3,Coupé,Zuzwil,Silver,Bmw,0,"",false,"","","","","",car,"","","",""
XJ 220,Coupé,Zuzwil,White,Jaguar,0,"",false,"","","","","",car,"","","",""
Silver Shadow,Limousine,Zuzwil,Red,Rolls-Royce,0,"",false,"","","","","",car,"","","",""
911,Coupé,Zuzwil,Red,Porsche,0,"",false,"","","","","",car,"","","",""
2002,Limousine,Zuzwil,Black,Bmw,0,"",false,"","","","","",car,"","","",""
TOUAREG,SUV / Geländewagen,Zuzwil,Black,Vw,0,"",false,"","","","","",car,"","","",""
RS6,Kombi,Zuzwil,Black,Audi,0,"",false,"","","","","",car,"","","",""
ML 500,SUV / Geländewagen,Zuzwil,White,Mercedes-Benz,0,"",false,"","","","","",car,"","","",""
RS6,Kombi,Zuzwil,Blue,Audi,0,"",false,"","","","","",car,"","","",""
SPYDER GT,Cabriolet,Zuzwil,Gray,Maserati,0,"",false,"","","","","",car,"","","",""
911,Coupé,Sursee,Black,Porsche,0,"",false,"","","","","",car,"","","",""
M5,Limousine,Zuzwil,Black,Bmw,0,"",false,"","","","","",car,"","","",""
SLR,Coupé,Zuzwil,Blue,Mercedes-Benz,0,"",false,"","","","","",car,"","","",""
GTV,Coupé,Zuzwil,Blue,Alfa Romeo,0,"",false,"","","","","",car,"","","",""
RS6,Kombi,Zuzwil,Silver,Audi,0,"",false,"","","","","",car,"","","",""
MX-5,Cabriolet,Zuzwil,White,Mazda,0,"",false,"","","","","",car,"","","",""
S 320,Limousine,Zuzwil,Yellow,Mercedes-Benz,0,"",false,"","","","","",car,"","","",""
SL 500,Cabriolet,Zuzwil,Other,Mercedes-Benz,0,"",false,"","","","","",car,"","","",""
C 350,Limousine,Zuzwil,Red,Mercedes-Benz,0,"",false,"","","","","",car,"","","",""
RS6,Kombi,Zuzwil,Black,Audi,0,"",false,"","","","","",car,"","","",""
TOUAREG,SUV / Geländewagen,Zuzwil,Silver,Vw,0,"",false,"","","","","",car,"","","",""
A8,Limousine,Zuzwil,Blue,Audi,0,"",false,"","","","","",car,"","","",""
S-TYPE,Limousine,Zuzwil,Gray,Jaguar,0,"",false,"","","","","",car,"","","",""
633,Coupé,Zuzwil,Other,Bmw,0,"",false,"","","","","",car,"","","",""
S4,Kombi,Zuzwil,Blue,Audi,0,"",false,"","","","","",car,"","","",""
V8 Vantage,Coupé,Zuzwil,Black,Aston Martin,0,"",false,"","","","","",car,"","","",""
ARNAGE,Limousine,Zuzwil,Silver,Bentley,0,"",false,"","","","","",car,"","","",""
SL 500,Cabriolet,Zuzwil,Silver,Mercedes-Benz,0,"",false,"","","","","",car,"","","",""
RS6,Kombi,Zuzwil,White,Audi,0,"",false,"","","","","",car,"","","",""
S 65 AMG,Limousine,Zuzwil,Blue,Mercedes-Benz,0,"",false,"","","","","",car,"","","",""
RS6,Kombi,Zuzwil,Red,Audi,0,"",false,"","","","","",car,"","","",""
MURCIÉLAGO,Coupé,Porrentruy,Silver,Lamborghini,0,"",false,"","","","","",car,"","","",""
CONTINENTAL,Coupé,St. Gallen,Silver,Bentley,0,"",false,"","","","","",car,"","","",""
M3,Cabriolet,Zuzwil,Blue,Bmw,0,"",false,"","","","","",car,"","","",""
E 500,Limousine,Zuzwil,Gray,Mercedes-Benz,0,"",false,"","","","","",car,"","","",""
5 SERIES,Limousine,Zuzwil,Black,Bmw-Alpina,0,"",false,"","","","","",car,"","","",""
CL 65 AMG,Coupé,Zuzwil,Black,Mercedes-Benz,0,"",false,"","","","","",car,"","","",""
S 500,Limousine,Zuzwil,Silver,Mercedes-Benz,0,"",false,"","","","","",car,"","","",""
SL 500,Cabriolet,Zuzwil,White,Mercedes-Benz,0,"",false,"","","","","",car,"","","",""
"",Kleinwagen,Zuzwil,Gray,Renault,0,"",false,"","","","","",car,"","","",""
5 SERIES,Limousine,Zuzwil,Black,Bmw-Alpina,0,"",false,"","","","","",car,"","","",""
QUATTROPORTE,Limousine,Zuzwil,Blue,Maserati,0,"",false,"","","","","",car,"","","",""
PHAETON,Limousine,Zuzwil,Black,Vw,0,"",false,"","","","","",car,"","","",""
"",Coupé,Zuzwil,Black,Bmw,0,"",false,"","","","","",car,"","","",""
DB9,Coupé,Zuzwil,Silver,Aston Martin,0,"",false,"","","","","",car,"","","",""
AVENTADOR,Cabriolet,Sursee,Silver,Lamborghini,0,"",false,"","","","","",car,"","","",""
M3,Coupé,Zuzwil,Silver,Bmw,0,"",false,"","","","","",car,"","","",""
"",Coupé,Zuzwil,Gray,Ford,0,"",false,"","","","","",car,"","","",""
CAYENNE,SUV / Geländewagen,Zuzwil,Blue,Porsche,0,"",false,"","","","","",car,"","","",""
456,Coupé,Zuzwil,Blue,Ferrari,0,"",false,"","","","","",car,"","","",""
GHIBLI,Coupé,Zuzwil,Black,Maserati,0,"",false,"","","","","",car,"","","",""
C 63 AMG,Coupé,Zuzwil,Black,Mercedes-Benz,0,"",false,"","","","","",car,"","","",""
300,Coupé,Sursee,Silver,Mercedes-Benz,0,"",false,"","","","","",car,"","","",""
M3,Cabriolet,Zuzwil,Other,Bmw,0,"",false,"","","","","",car,"","","",""
MURCIÉLAGO,Coupé,Zuzwil,Blue,Lamborghini,0,"",false,"","","","","",car,"","","",""
SL 500,Cabriolet,Zuzwil,Red,Mercedes-Benz,0,"",false,"","","","","",car,"","","",""
CLS 500,Limousine,Zuzwil,Black,Mercedes-Benz,0,"",false,"","","","","",car,"","","",""
Alpine A110,Coupé,Zuzwil,Black,Renault,0,"",false,"","","","","",car,"","","",""
600-SERIES,Sattelschlepper,Zuzwil,Black,Mercedes-Benz,0,"",false,"","","","","",car,"","","",""
CORVETTE,Coupé,Zuzwil,Silver,Chevrolet,0,"",false,"","","","","",car,"","","",""
911,Coupé,Zuzwil,Silver,Porsche,0,"",false,"","","","","",car,"","","",""
911,Coupé,Zuzwil,Silver,Porsche,0,"",false,"","","","","",car,"","","",""
"",Coupé,Porrentruy,White,Lamborghini,0,"",false,"","","","","",car,"","","",""
F360,Coupé,Porrentruy,Blue,Ferrari,0,"",false,"","","","","",car,"","","",""
PHAETON,Limousine,Zuzwil,Gray,Vw,0,"",false,"","","","","",car,"","","",""
RANGE ROVER,SUV / Geländewagen,Zuzwil,Gray,Land Rover,0,"",false,"","","","","",car,"","","",""
MONDIAL,Coupé,Zuzwil,Other,Ferrari,0,"",false,"","","","","",car,"","","",""
VIPER,Cabriolet,Zuzwil,Red,Dodge,0,"",false,"","","","","",car,"","","",""
DIABLO,Coupé,Zuzwil,Black,Lamborghini,0,"",false,"","","","","",car,"","","",""
911,Coupé,Zuzwil,Blue,Porsche,0,"",false,"","","","","",car,"","","",""
CL 500,Coupé,Zuzwil,Blue,Mercedes-Benz,0,"",false,"","","","","",car,"","","",""
ALPINE,Coupé,Zuzwil,Silver,Renault,0,"",false,"","","","","",car,"","","",""
CL 55 AMG,Coupé,Zuzwil,Silver,Mercedes-Benz,0,"",false,"","","","","",car,"","","",""
"",Coupé,Zuzwil,Silver,Ford,0,"",false,"","","","","",car,"","","",""
S 55 AMG,Limousine,Zuzwil,Blue,Mercedes-Benz,0,"",false,"","","","","",car,"","","",""
IMPREZA,Limousine,Zuzwil,Blue,Subaru,0,"",false,"","","","","",car,"","","",""
CLS 63 AMG,Limousine,Zuzwil,Black,Mercedes-Benz,0,"",false,"","","","","",car,"","","",""
CORVETTE,Cabriolet,Zuzwil,Black,Chevrolet,0,"",false,"","","","","",car,"","","",""
SL 55 AMG,Cabriolet,Zuzwil,Black,Mercedes-Benz,0,"",false,"","","","","",car,"","","",""
911,Cabriolet,Zuzwil,Black,Porsche,0,"",false,"","","","","",car,"","","",""
SL 500,Cabriolet,Zuzwil,Silver,Mercedes-Benz,0,"",false,"","","","","",car,"","","",""
RS6,Kombi,Zuzwil,Blue,Audi,0,"",false,"","","","","",car,"","","",""
BOXSTER,Cabriolet,Zuzwil,Gray,Porsche,0,"",false,"","","","","",car,"","","",""
GS,Limousine,Zuzwil,Other,Lexus,0,"",false,"","","","","",car,"","","",""
S 500,Limousine,Zuzwil,White,Mercedes-Benz,0,"",false,"","","","","",car,"","","",""
LANCER,Limousine,Zuzwil,Other,Mitsubishi,0,"",false,"","","","","",car,"","","",""
S 65 AMG,Limousine,Zuzwil,Gray,Mercedes-Benz,0,"",false,"","","","","",car,"","","",""
DBS,Cabriolet,Zuzwil,Other,Aston Martin,0,"",false,"","","","","",car,"","","",""
Skyline,Coupé,Zuzwil,Black,Nissan,0,"",false,"","","","","",car,"","","",""
RANGE ROVER,SUV / Geländewagen,Zuzwil,Silver,Land Rover,0,"",false,"","","","","",car,"","","",""
ALPINE,Coupé,Zuzwil,Silver,Renault,0,"",false,"","","","","",car,"","","",""
6 SERIES,Cabriolet,Zuzwil,Blue,Bmw-Alpina,0,"",false,"","","","","",car,"","","",""
SL 320,Cabriolet,Zuzwil,Black,Mercedes-Benz,0,"",false,"","","","","",car,"","","",""
A4,Kombi,Zuzwil,Black,Audi,0,"",false,"","","","","",car,"","","",""
CORNICHE,Cabriolet,Zuzwil,Silver,Rolls-Royce,0,"",false,"","","","","",car,"","","",""
A8,Limousine,Zuzwil,White,Audi,0,"",false,"","","","","",car,"","","",""
4/4,Cabriolet,Zuzwil,Yellow,Morgan,0,"",false,"","","","","",car,"","","",""
CAYENNE,SUV / Geländewagen,Zuzwil,Gray,Porsche,0,"",false,"","","","","",car,"","","",""
COUPÉ GT,Coupé,Zuzwil,Gray,Maserati,0,"",false,"","","","","",car,"","","",""
SL 55 AMG,Cabriolet,Zuzwil,Other,Mercedes-Benz,0,"",false,"","","","","",car,"","","",""
"",Cabriolet,Zuzwil,Other,Mercedes-Benz,0,"",false,"","","","","",car,"","","",""
911,Coupé,Zuzwil,Red,Porsche,0,"",false,"","","","","",car,"","","",""
"",Cabriolet,Zuzwil,Black,Mercedes-Benz,0,"",false,"","","","","",car,"","","",""
SL 500,Cabriolet,Zuzwil,Gray,Mercedes-Benz,0,"",false,"","","","","",car,"","","",""
S 250,Limousine,Zuzwil,Gray,Mercedes-Benz,0,"",false,"","","","","",car,"","","",""
SL 63 AMG,Cabriolet,Zuzwil,Other,Mercedes-Benz,0,"",false,"","","","","",car,"","","",""
C 63 AMG,Kombi,Zuzwil,Black,Mercedes-Benz,0,"",false,"","","","","",car,"","","",""
F360,Cabriolet,Zuzwil,Silver,Ferrari,0,"",false,"","","","","",car,"","","",""
PHAETON,Limousine,Zuzwil,Silver,Vw,0,"",false,"","","","","",car,"","","",""
911,Coupé,Zuzwil,White,Porsche,0,"",false,"","","","","",car,"","","",""
E 240,Limousine,Zuzwil,Blue,Mercedes-Benz,0,"",false,"","","","","",car,"","","",""
Alpine A110,Coupé,Zuzwil,Blue,Renault,0,"",false,"","","","","",car,"","","",""
CAYENNE,SUV / Geländewagen,Zuzwil,Blue,Porsche,0,"",false,"","","","","",car,"","","",""
SL 600,Cabriolet,Zuzwil,Red,Mercedes-Benz,0,"",false,"","","","","",car,"","","",""
500,Limousine,Zuzwil,Black,Mercedes-Benz,0,"",false,"","","","","",car,"","","",""
E 55 AMG,Limousine,Zuzwil,Black,Mercedes-Benz,0,"",false,"","","","","",car,"","","",""
M6,Coupé,Zuzwil,Silver,Bmw,0,"",false,"","","","","",car,"","","",""
V8 Vantage,Cabriolet,Zuzwil,White,Aston Martin,0,"",false,"","","","","",car,"","","",""
GALLARDO,Coupé,Zuzwil,Gray,Lamborghini,0,"",false,"","","","","",car,"","","",""
CORVETTE,Coupé,Zuzwil,Other,Chevrolet,0,"",false,"","","","","",car,"","","",""
"",SUV / Geländewagen,Zuzwil,Black,Kaiser,0,"",false,"","","","","",car,"","","",""
S 600,Limousine,Zuzwil,Silver,Mercedes-Benz,0,"",false,"","","","","",car,"","","",""
7 SERIES,Limousine,Zuzwil,Silver,Bmw-Alpina,0,"",false,"","","","","",car,"","","",""
RS6,Kombi,Zuzwil,Gray,Audi,0,"",false,"","","","","",car,"","","",""
323,Coupé,Zuzwil,Other,Bmw,0,"",false,"","","","","",car,"","","",""
Grand Cherokee,SUV / Geländewagen,Zuzwil,Black,Jeep,0,"",false,"","","","","",car,"","","",""
SL 500,Cabriolet,Zuzwil,Black,Mercedes-Benz,0,"",false,"","","","","",car,"","","",""
S 63 AMG,Limousine,Zuzwil,Black,Mercedes-Benz,0,"",false,"","","","","",car,"","","",""
SL 500,Cabriolet,Zuzwil,Silver,Mercedes-Benz,0,"",false,"","","","","",car,"","","",""
BOXSTER,Cabriolet,Zuzwil,Gray,Porsche,0,"",false,"","","","","",car,"","","",""
SL 600,Cabriolet,Zuzwil,Black,Mercedes-Benz,0,"",false,"","","","","",car,"","","",""
SL 500,Cabriolet,Zuzwil,Silver,Mercedes-Benz,0,"",false,"","","","","",car,"","","",""
PANAMERA,Limousine,Zuzwil,Silver,Porsche,0,"",false,"","","","","",car,"","","",""
745,Limousine,Zuzwil,Silver,Bmw,0,"",false,"","","","","",car,"","","",""
ALFASUD,Limousine,Zuzwil,Other,Alfa Romeo,0,"",false,"","","","","",car,"","","",""
330,Coupé,Zuzwil,Blue,Bmw,0,"",false,"","","","","",car,"","","",""
MUSTANG,Coupé,Zuzwil,Blue,Ford (usa),0,"",false,"","","","","",car,"","","",""
"",Limousine,Zuzwil,Blue,Nsu,0,"",false,"","","","","",car,"","","",""
DELTA,Limousine,Zuzwil,Black,Lancia,0,"",false,"","","","","",car,"","","",""
CORNICHE,Cabriolet,Basel,Black,Rolls-Royce,0,"",false,"","","","","",car,"","","",""
Alpine A110,Coupé,Zuzwil,Silver,Renault,0,"",false,"","","","","",car,"","","",""
CLK 55 AMG,Coupé,Zuzwil,White,Mercedes-Benz,0,"",false,"","","","","",car,"","","",""
RS6,Kombi,Zuzwil,Blue,Audi,0,"",false,"","","","","",car,"","","",""
626,Limousine,Zuzwil,Yellow,Mazda,0,"",false,"","","","","",car,"","","",""
CORVETTE,Coupé,Zuzwil,Silver,Chevrolet,0,"",false,"","","","","",car,"","","",""
911,Coupé,Zuzwil,Silver,Porsche,0,"",false,"","","","","",car,"","","",""
A6,Kombi,Zuzwil,Other,Audi,0,"",false,"","","","","",car,"","","",""
328,Limousine,Zuzwil,Brown,Bmw,0,"",false,"","","","","",car,"","","",""
SPYDER GT,Cabriolet,Zuzwil,Gray,Maserati,0,"",false,"","","","","",car,"","","",""
R5,Kleinwagen,Zuzwil,Gray,Renault,0,"",false,"","","","","",car,"","","",""
HURACAN,Coupé,Zuzwil,Black,Lamborghini,0,"",false,"","","","","",car,"","","",""
328,Cabriolet,Zuzwil,Black,Bmw,0,"",false,"","","","","",car,"","","",""
911,Coupé,Zuzwil,Gray,Porsche,0,"",false,"","","","","",car,"","","",""
V70,Kombi,Zuzwil,Red,Volvo,0,"",false,"","","","","",car,"","","",""
CONTINENTAL,Coupé,Zuzwil,Black,Bentley,0,"",false,"","","","","",car,"","","",""
ML 500,SUV / Geländewagen,Zuzwil,Black,Mercedes-Benz,0,"",false,"","","","","",car,"","","",""
PHANTOM,Limousine,Zuzwil,White,Rolls-Royce,0,"",false,"","","","","",car,"","","",""
728,Limousine,Zuzwil,Blue,Bmw,0,"",false,"","","","","",car,"","","",""
SL 55 AMG,Cabriolet,Zuzwil,Gray,Mercedes-Benz,0,"",false,"","","","","",car,"","","",""
348,Coupé,Zuzwil,Other,Ferrari,0,"",false,"","","","","",car,"","","",""
CLIO,Limousine,Zuzwil,Red,Renault,0,"",false,"","","","","",car,"","","",""
A8,Limousine,Zuzwil,Red,Audi,0,"",false,"","","","","",car,"","","",""
SL 600,Cabriolet,Zuzwil,Black,Mercedes-Benz,0,"",false,"","","","","",car,"","","",""
S 63 AMG,Limousine,Zuzwil,White,Mercedes-Benz,0,"",false,"","","","","",car,"","","",""
S8,Limousine,Zuzwil,Other,Audi,0,"",false,"","","","","",car,"","","",""
A4,Kombi,Zuzwil,Black,Audi,0,"",false,"","","","","",car,"","","",""
CONTINENTAL,Cabriolet,Zuzwil,Black,Bentley,0,"",false,"","","","","",car,"","","",""
320,Kombi,Zuzwil,Black,Bmw,0,"",false,"","","","","",car,"","","",""
S-TYPE,Limousine,Zuzwil,Blue,Jaguar,0,"",false,"","","","","",car,"","","",""
12C,Coupé,Zuzwil,Silver,Mclaren,0,"",false,"","","","","",car,"","","",""
612,Coupé,Zuzwil,Silver,Ferrari,0,"",false,"","","","","",car,"","","",""
911,Cabriolet,Zuzwil,Blue,Porsche,0,"",false,"","","","","",car,"","","",""
"",Cabriolet,Sursee,Silver,Mercedes-Benz,0,"",false,"","","","","",car,"","","",""
MINI,Limousine,Safenwil,White,Mini,0,"",false,"","","","","",car,"","","",""
320,Kombi,Zuzwil,Black,Bmw,0,"",false,"","","","","",car,"","","",""
QUATTROPORTE,Limousine,Zuzwil,Black,Maserati,0,"",false,"","","","","",car,"","","",""
911,Coupé,Zuzwil,Black,Porsche,0,"",false,"","","","","",car,"","","",""
911,Coupé,Zuzwil,Black,Porsche,0,"",false,"","","","","",car,"","","",""
CL 65 AMG,Coupé,Zuzwil,Black,Mercedes-Benz,0,"",false,"","","","","",car,"","","",""
S 600,Limousine,Zuzwil,Silver,Mercedes-Benz,0,"",false,"","","","","",car,"","","",""
XK,Coupé,Zuzwil,White,Jaguar,0,"",false,"","","","","",car,"","","",""
SL 300,Cabriolet,Zuzwil,Other,Mercedes-Benz,0,"",false,"","","","","",car,"","","",""
"",Cabriolet,Safenwil,Gray,Austin-Healey,0,"",false,"","","","","",car,"","","",""
S 55 AMG,Limousine,Zuzwil,Gray,Mercedes-Benz,0,"",false,"","","","","",car,"","","",""
ML 63 AMG,SUV / Geländewagen,Zuzwil,Gray,Mercedes-Benz,0,"",false,"","","","","",car,"","","",""
323,Cabriolet,Zuzwil,Other,Bmw,0,"",false,"","","","","",car,"","","",""
DB9,Cabriolet,Zuzwil,Red,Aston Martin,0,"",false,"","","","","",car,"","","",""
911,Coupé,Zuzwil,Black,Porsche,0,"",false,"","","","","",car,"","","",""
CONTINENTAL,Cabriolet,Zuzwil,Black,Bentley,0,"",false,"","","","","",car,"","","",""
CL 63 AMG,Coupé,Zuzwil,Black,Mercedes-Benz,0,"",false,"","","","","",car,"","","",""
SL 65 AMG,Cabriolet,Zuzwil,Black,Mercedes-Benz,0,"",false,"","","","","",car,"","","",""
740,Limousine,Zuzwil,Black,Bmw,0,"",false,"","","","","",car,"","","",""
RS6,Kombi,Zuzwil,Silver,Audi,0,"",false,"","","","","",car,"","","",""
CELICA,Coupé,Zuzwil,Silver,Toyota,0,"",false,"","","","","",car,"","","",""
QUATTROPORTE,Limousine,Zuzwil,Blue,Maserati,0,"",false,"","","","","",car,"","","",""
Z4,Cabriolet,Zuzwil,Brown,Bmw,0,"",false,"","","","","",car,"","","",""
M6,Cabriolet,Zuzwil,Silver,Bmw,0,"",false,"","","","","",car,"","","",""
"",Coupé,Zuzwil,Blue,Mg,0,"",false,"","","","","",car,"","","",""
QUATTROPORTE,Limousine,Zuzwil,Gray,Maserati,0,"",false,"","","","","",car,"","","",""
QUATTROPORTE,Limousine,Zuzwil,Gray,Maserati,0,"",false,"","","","","",car,"","","",""
456,Coupé,Zuzwil,Gray,Ferrari,0,"",false,"","","","","",car,"","","",""
PHAETON,Limousine,Zuzwil,Red,Vw,0,"",false,"","","","","",car,"","","",""
CAYENNE,SUV / Geländewagen,Zuzwil,Silver,Porsche,0,"",false,"","","","","",car,"","","",""
E 55 AMG,Limousine,Zuzwil,Blue,Mercedes-Benz,0,"",false,"","","","","",car,"","","",""
"",Coupé,Zuzwil,Other,Simca,0,"",false,"","","","","",car,"","","",""
M5,Limousine,Zuzwil,Silver,Bmw,0,"",false,"","","","","",car,"","","",""
SPIDER,Cabriolet,Zuzwil,Silver,Fiat,0,"",false,"","","","","",car,"","","",""
RS6,Kombi,Zuzwil,Blue,Audi,0,"",false,"","","","","",car,"","","",""
XK,Cabriolet,Zuzwil,Red,Jaguar,0,"",false,"","","","","",car,"","","",""
A4,Kombi,Zuzwil,Red,Audi,0,"",false,"","","","","",car,"","","",""
FRONTERA,SUV / Geländewagen,Zuzwil,Black,Opel,0,"",false,"","","","","",car,"","","",""
300,Limousine,Zuzwil,Black,Mercedes-Benz,0,"",false,"","","","","",car,"","","",""
E 55 AMG,Limousine,Zuzwil,Silver,Mercedes-Benz,0,"",false,"","","","","",car,"","","",""
ARNAGE,Limousine,Zuzwil,White,Bentley,0,"",false,"","","","","",car,"","","",""
S 600,Coupé,Zuzwil,White,Mercedes-Benz,0,"",false,"","","","","",car,"","","",""
5 SERIES,Limousine,Zuzwil,Blue,Bmw-Alpina,0,"",false,"","","","","",car,"","","",""
E 320,Limousine,Zuzwil,Gray,Mercedes-Benz,0,"",false,"","","","","",car,"","","",""
911,Cabriolet,Zuzwil,Gray,Porsche,0,"",false,"","","","","",car,"","","",""
QUATTROPORTE,Limousine,Zuzwil,Other,Maserati,0,"",false,"","","","","",car,"","","",""
"",Kompaktvan / Minivan,Zuzwil,Red,Dodge,0,"",false,"","","","","",car,"","","",""
E 63 AMG,Limousine,Zuzwil,Black,Mercedes-Benz,0,"",false,"","","","","",car,"","","",""
S8,Limousine,Zuzwil,Silver,Audi,0,"",false,"","","","","",car,"","","",""
COROLLA,Kombi,Zuzwil,Silver,Toyota,0,"",false,"","","","","",car,"","","",""
M6,Coupé,Zuzwil,Silver,Bmw,0,"",false,"","","","","",car,"","","",""
M5,Limousine,Zuzwil,Silver,Bmw,0,"",false,"","","","","",car,"","","",""
R5,Coupé,Zuzwil,Silver,Renault,0,"",false,"","","","","",car,"","","",""
DIABLO,Coupé,Zuzwil,Silver,Lamborghini,0,"",false,"","","","","",car,"","","",""
BOXSTER,Cabriolet,Zuzwil,Blue,Porsche,0,"",false,"","","","","",car,"","","",""
SLK 320,Cabriolet,Zuzwil,Other,Mercedes-Benz,0,"",false,"","","","","",car,"","","",""
RANGE ROVER,SUV / Geländewagen,Zuzwil,Black,Land Rover,0,"",false,"","","","","",car,"","","",""
"","",Zuzwil,Black,Harley-Davidson,0,"",false,"","","","","",car,"","","",""
GALLARDO,Coupé,Zuzwil,Blue,Lamborghini,0,"",false,"","","","","",car,"","","",""
F360,Coupé,Zuzwil,Blue,Ferrari,0,"",false,"","","","","",car,"","","",""
911,Coupé,Zuzwil,Blue,Porsche,0,"",false,"","","","","",car,"","","",""
135,Cabriolet,Zuzwil,Black,Bmw,0,"",false,"","","","","",car,"","","",""
A112,Kleinwagen,Zuzwil,White,Autobianchi,0,"",false,"","","","","",car,"","","",""
SL 600,Cabriolet,Zuzwil,Blue,Mercedes-Benz,0,"",false,"","","","","",car,"","","",""
"",Coupé,Zuzwil,Other,Mercedes-Benz,0,"",false,"","","","","",car,"","","",""
"",Limousine,Zuzwil,Other,Mercedes-Benz,0,"",false,"","","","","",car,"","","",""
MURCIÉLAGO,Coupé,Zuzwil,Blue,Lamborghini,0,"",false,"","","","","",car,"","","",""
S 500,Limousine,Zuzwil,Black,Mercedes-Benz,0,"",false,"","","","","",car,"","","",""
CAYENNE,SUV / Geländewagen,Zuzwil,White,Porsche,0,"",false,"","","","","",car,"","","",""
3200 GT,Coupé,Zuzwil,Yellow,Maserati,0,"",false,"","","","","",car,"","","",""
S6,Kombi,Zuzwil,Black,Audi,0,"",false,"","","","","",car,"","","",""
A8,Limousine,Zuzwil,Black,Audi,0,"",false,"","","","","",car,"","","",""
Ram,Pick-up,Zuzwil,Black,Dodge,0,"",false,"","","","","",car,"","","",""
X1,SUV / Geländewagen,Zuzwil,Silver,Bmw,0,"",false,"","","","","",car,"","","",""
911,Coupé,Zuzwil,Silver,Porsche,0,"",false,"","","","","",car,"","","",""
F360,Cabriolet,Zuzwil,Gray,Ferrari,0,"",false,"","","","","",car,"","","",""
CL 500,Coupé,Zuzwil,Gray,Mercedes-Benz,0,"",false,"","","","","",car,"","","",""
QUATTROPORTE,Limousine,Zuzwil,Black,Maserati,0,"",false,"","","","","",car,"","","",""
SL 600,Cabriolet,Zuzwil,Black,Mercedes-Benz,0,"",false,"","","","","",car,"","","",""
575M,Coupé,Zuzwil,Silver,Ferrari,0,"",false,"","","","","",car,"","","",""
"",Coupé,Zuzwil,Violet,Jaguar,0,"",false,"","","","","",car,"","","",""
F430,Coupé,Zuzwil,Red,Ferrari,0,"",false,"","","","","",car,"","","",""
R8,Coupé,Zuzwil,Black,Audi,0,"",false,"","","","","",car,"","","",""
CAYENNE,SUV / Geländewagen,Zuzwil,Red,Porsche,0,"",false,"","","","","",car,"","","",""
CLK 55 AMG,Cabriolet,Zuzwil,Black,Mercedes-Benz,0,"",false,"","","","","",car,"","","",""
Alpine A110,Coupé,Zuzwil,Black,Renault,0,"",false,"","","","","",car,"","","",""
911,Coupé,Zuzwil,Black,Porsche,0,"",false,"","","","","",car,"","","",""
599,Coupé,Zuzwil,Silver,Ferrari,0,"",false,"","","","","",car,"","","",""
RS6,Kombi,Zuzwil,Silver,Audi,0,"",false,"","","","","",car,"","","",""
X5,SUV / Geländewagen,Zuzwil,Silver,Bmw,0,"",false,"","","","","",car,"","","",""
TESTAR./512,Coupé,Zuzwil,Yellow,Ferrari,0,"",false,"","","","","",car,"","","",""
911,Coupé,Zuzwil,Other,Porsche,0,"",false,"","","","","",car,"","","",""
SL 65 AMG,Cabriolet,Zuzwil,Red,Mercedes-Benz,0,"",false,"","","","","",car,"","","",""
F430,Coupé,Zuzwil,Red,Ferrari,0,"",false,"","","","","",car,"","","",""
QUATTROPORTE,Limousine,Zuzwil,Black,Maserati,0,"",false,"","","","","",car,"","","",""
RANGE ROVER,SUV / Geländewagen,Zuzwil,Black,Land Rover,0,"",false,"","","","","",car,"","","",""
SLK 230,Cabriolet,Zuzwil,Blue,Mercedes-Benz,0,"",false,"","","","","",car,"","","",""
9-3,Limousine,Zuzwil,Red,Saab,0,"",false,"","","","","",car,"","","",""
S-TYPE,Limousine,Zuzwil,Red,Jaguar,0,"",false,"","","","","",car,"","","",""
3 SERIES,Coupé,Zuzwil,Black,Bmw-Alpina,0,"",false,"","","","","",car,"","","",""
911,Coupé,Zuzwil,Silver,Porsche,0,"",false,"","","","","",car,"","","",""
"",Coupé,Zuzwil,Blue,Lamborghini,0,"",false,"","","","","",car,"","","",""
F430,Cabriolet,Porrentruy,Blue,Ferrari,0,"",false,"","","","","",car,"","","",""
"",Coupé,Zuzwil,Other,Fiat,0,"",false,"","","","","",car,"","","",""
M3,Cabriolet,Zuzwil,Other,Bmw,0,"",false,"","","","","",car,"","","",""
911,Coupé,Zuzwil,Gray,Porsche,0,"",false,"","","","","",car,"","","",""
CORNICHE,Coupé,Basel,Black,Rolls-Royce,0,"",false,"","","","","",car,"","","",""
924,Coupé,Zuzwil,Blue,Porsche,0,"",false,"","","","","",car,"","","",""
911,Coupé,Zuzwil,Gray,Porsche,0,"",false,"","","","","",car,"","","",""
SLR,Coupé,Zuzwil,Blue,Mercedes-Benz,0,"",false,"","","","","",car,"","","",""
SPEEDSTER,Cabriolet,Zuzwil,Red,Opel,0,"",false,"","","","","",car,"","","",""
525,Limousine,Zuzwil,Black,Bmw,0,"",false,"","","","","",car,"","","",""
E 63 AMG,Limousine,Zuzwil,Black,Mercedes-Benz,0,"",false,"","","","","",car,"","","",""
M6,Coupé,Zuzwil,Black,Bmw,0,"",false,"","","","","",car,"","","",""
COUPÉ GT,Coupé,Zuzwil,Black,Maserati,0,"",false,"","","","","",car,"","","",""
E 320,Kombi,Zuzwil,Blue,Mercedes-Benz,0,"",false,"","","","","",car,"","","",""
911,Coupé,Zuzwil,Gray,Porsche,0,"",false,"","","","","",car,"","","",""
"",Coupé,Zuzwil,Black,Matra,0,"",false,"","","","","",car,"","","",""
12C,Coupé,Zuzwil,Silver,Mclaren,0,"",false,"","","","","",car,"","","",""
F355,Coupé,Zuzwil,Silver,Ferrari,0,"",false,"","","","","",car,"","","",""
2002,Limousine,Zuzwil,Blue,Bmw,0,"",false,"","","","","",car,"","","",""
A8,Limousine,Zuzwil,Other,Audi,0,"",false,"","","","","",car,"","","",""
CONTINENTAL,Coupé,Zuzwil,Black,Bentley,0,"",false,"","","","","",car,"","","",""
S 600,Limousine,Zuzwil,Black,Mercedes-Benz,0,"",false,"","","","","",car,"","","",""
205,Coupé,Zuzwil,White,Peugeot,0,"",false,"","","","","",car,"","","",""
SL 63 AMG,Cabriolet,Zuzwil,Other,Mercedes-Benz,0,"",false,"","","","","",car,"","","",""
G 63 AMG,SUV / Geländewagen,Zuzwil,Black,Mercedes-Benz,0,"",false,"","","","","",car,"","","",""
SL 500,Cabriolet,Zuzwil,Black,Mercedes-Benz,0,"",false,"","","","","",car,"","","",""
612,Coupé,Zuzwil,Black,Ferrari,0,"",false,"","","","","",car,"","","",""
CORVETTE,Cabriolet,Zuzwil,White,Chevrolet,0,"",false,"","","","","",car,"","","",""
911,Cabriolet,Zuzwil,Blue,Porsche,0,"",false,"","","","","",car,"","","",""
540,Limousine,Zuzwil,Blue,Bmw,0,"",false,"","","","","",car,"","","",""
RS6,Kombi,Zuzwil,Gray,Audi,0,"",false,"","","","","",car,"","","",""
X5,SUV / Geländewagen,Zuzwil,Gray,Bmw,0,"",false,"","","","","",car,"","","",""
911,Coupé,Zuzwil,Gray,Porsche,0,"",false,"","","","","",car,"","","",""
RS4,Kombi,Zuzwil,Black,Audi,0,"",false,"","","","","",car,"","","",""
BITURBO,Cabriolet,Zuzwil,Silver,Maserati,0,"",false,"","","","","",car,"","","",""
SL 55 AMG,Cabriolet,Zuzwil,Blue,Mercedes-Benz,0,"",false,"","","","","",car,"","","",""
911,Cabriolet,Zuzwil,Red,Porsche,0,"",false,"","","","","",car,"","","",""
M5,Limousine,Zuzwil,Black,Bmw,0,"",false,"","","","","",car,"","","",""
BROOKLANDS,Limousine,Zuzwil,Black,Bentley,0,"",false,"","","","","",car,"","","",""
9-3,Limousine,Zuzwil,Black,Saab,0,"",false,"","","","","",car,"","","",""
911,Coupé,Zuzwil,Black,Porsche,0,"",false,"","","","","",car,"","","",""
924,Coupé,Zuzwil,Blue,Porsche,0,"",false,"","","","","",car,"","","",""
200 SX,Coupé,Zuzwil,Silver,Nissan,0,"",false,"","","","","",car,"","","",""
"",Limousine,Zuzwil,Silver,Lancia,0,"",false,"","","","","",car,"","","",""
CLS 63 AMG,Limousine,Zuzwil,White,Mercedes-Benz,0,"",false,"","","","","",car,"","","",""
ML 63 AMG,SUV / Geländewagen,Zuzwil,Gray,Mercedes-Benz,0,"",false,"","","","","",car,"","","",""
RS6,Kombi,Zuzwil,Red,Audi,0,"",false,"","","","","",car,"","","",""
2002,Limousine,Zuzwil,Silver,Bmw,0,"",false,"","","","","",car,"","","",""
CAYENNE,SUV / Geländewagen,Zuzwil,Gray,Porsche,0,"",false,"","","","","",car,"","","",""
Dino,Coupé,Zuzwil,Other,Fiat,0,"",false,"","","","","",car,"","","",""
575M,Coupé,Zuzwil,Red,Ferrari,0,"",false,"","","","","",car,"","","",""
RS6,Kombi,Zuzwil,Black,Audi,0,"",false,"","","","","",car,"","","",""
ARNAGE,Limousine,Zuzwil,Blue,Bentley,0,"",false,"","","","","",car,"","","",""
911,Coupé,Zuzwil,Silver,Porsche,0,"",false,"","","","","",car,"","","",""
F360,Coupé,Zuzwil,Blue,Ferrari,0,"",false,"","","","","",car,"","","",""
8C,Coupé,Zuzwil,Silver,Alfa Romeo,0,"",false,"","","","","",car,"","","",""
SL 600,Cabriolet,Zuzwil,Blue,Mercedes-Benz,0,"",false,"","","","","",car,"","","",""
CLK 63 AMG,Coupé,Zuzwil,Gray,Mercedes-Benz,0,"",false,"","","","","",car,"","","",""
750,Limousine,Zuzwil,Blue,Bmw,0,"",false,"","","","","",car,"","","",""
540,Limousine,Zuzwil,Black,Bmw,0,"",false,"","","","","",car,"","","",""
XK,Cabriolet,Zuzwil,Black,Jaguar,0,"",false,"","","","","",car,"","","",""
DIABLO,Coupé,Zuzwil,Silver,Lamborghini,0,"",false,"","","","","",car,"","","",""
TT,Cabriolet,Zuzwil,Silver,Audi,0,"",false,"","","","","",car,"","","",""
SPIDER,Cabriolet,Zuzwil,White,Alfa Romeo,0,"",false,"","","","","",car,"","","",""
911,Cabriolet,Zuzwil,Yellow,Porsche,0,"",false,"","","","","",car,"","","",""
CAYENNE,SUV / Geländewagen,Zuzwil,Gray,Porsche,0,"",false,"","","","","",car,"","","",""
BEETLE,Limousine,Zuzwil,Gray,Vw,0,"",false,"","","","","",car,"","","",""
F360,Cabriolet,Zuzwil,Other,Ferrari,0,"",false,"","","","","",car,"","","",""
740,Limousine,Zuzwil,Red,Bmw,0,"",false,"","","","","",car,"","","",""
530,Kombi,Zuzwil,Black,Bmw,0,"",false,"","","","","",car,"","","",""
911,Coupé,Zuzwil,Silver,Porsche,0,"",false,"","","","","",car,"","","",""
M5,Limousine,Zuzwil,Silver,Bmw,0,"",false,"","","","","",car,"","","",""
S 65 AMG,Limousine,Zuzwil,Silver,Mercedes-Benz,0,"",false,"","","","","",car,"","","",""
RS6,Kombi,Zuzwil,Silver,Audi,0,"",false,"","","","","",car,"","","",""
ML 63 AMG,SUV / Geländewagen,Zuzwil,Other,Mercedes-Benz,0,"",false,"","","","","",car,"","","",""
RS4,Kombi,Zuzwil,Blue,Audi,0,"",false,"","","","","",car,"","","",""
SL 65 AMG,Cabriolet,Zuzwil,Silver,Mercedes-Benz,0,"",false,"","","","","",car,"","","",""
650,Cabriolet,Zuzwil,Silver,Bmw,0,"",false,"","","","","",car,"","","",""
645,Coupé,Zuzwil,Silver,Bmw,0,"",false,"","","","","",car,"","","",""
CL 600,Coupé,Zuzwil,Other,Mercedes-Benz,0,"",false,"","","","","",car,"","","",""
SL 55 AMG,Cabriolet,Zuzwil,Red,Mercedes-Benz,0,"",false,"","","","","",car,"","","",""
DYNA,Pick-up,Zuzwil,Black,Toyota,0,"",false,"","","","","",car,"","","",""
"",Cabriolet,Zuzwil,Silver,Pgo,0,"",false,"","","","","",car,"","","",""
S 600,Coupé,Zuzwil,Blue,Mercedes-Benz,0,"",false,"","","","","",car,"","","",""
F355,Cabriolet,Zuzwil,Gray,Ferrari,0,"",false,"","","","","",car,"","","",""
H3,SUV / Geländewagen,Zuzwil,Blue,Hummer,0,"",false,"","","","","",car,"","","",""
RS6,Kombi,Zuzwil,Blue,Audi,0,"",false,"","","","","",car,"","","",""
SLK 200,Cabriolet,Zuzwil,Silver,Mercedes-Benz,0,"",false,"","","","","",car,"","","",""
E 50 AMG,Limousine,Zuzwil,Silver,Mercedes-Benz,0,"",false,"","","","","",car,"","","",""
911,Coupé,Zuzwil,Silver,Porsche,0,"",false,"","","","","",car,"","","",""
750,Limousine,Zuzwil,Silver,Bmw,0,"",false,"","","","","",car,"","","",""
X5,SUV / Geländewagen,Zuzwil,Silver,Bmw,0,"",false,"","","","","",car,"","","",""
TURBO,Coupé,Zuzwil,Silver,Bentley,0,"",false,"","","","","",car,"","","",""
"",Coupé,Zuzwil,White,Delorean,0,"",false,"","","","","",car,"","","",""
EXPLORER,SUV / Geländewagen,Zuzwil,Blue,Ford (usa),0,"",false,"","","","","",car,"","","",""
Alpine A110,Coupé,Zuzwil,Gray,Renault,0,"",false,"","","","","",car,"","","",""
CAYENNE,SUV / Geländewagen,Zuzwil,Black,Porsche,0,"",false,"","","","","",car,"","","",""
SL 600,Cabriolet,Zuzwil,Black,Mercedes-Benz,0,"",false,"","","","","",car,"","","",""
S 63 AMG,Limousine,Zuzwil,Black,Mercedes-Benz,0,"",false,"","","","","",car,"","","",""
CAYENNE,SUV / Geländewagen,Zuzwil,Black,Porsche,0,"",false,"","","","","",car,"","","",""
RS4,Kombi,Zuzwil,Black,Audi,0,"",false,"","","","","",car,"","","",""
SPIDER,Coupé,Zuzwil,Black,Fiat,0,"",false,"","","","","",car,"","","",""
RS4,Limousine,Zuzwil,Silver,Audi,0,"",false,"","","","","",car,"","","",""
CAYENNE,SUV / Geländewagen,Zuzwil,Gray,Porsche,0,"",false,"","","","","",car,"","","",""
CAYENNE,SUV / Geländewagen,Zuzwil,Black,Porsche,0,"",false,"","","","","",car,"","","",""
Continental,Limousine,Zuzwil,Black,Lincoln,0,"",false,"","","","","",car,"","","",""
SL 55 AMG,Cabriolet,Zuzwil,Silver,Mercedes-Benz,0,"",false,"","","","","",car,"","","",""
911,Coupé,Zuzwil,Silver,Porsche,0,"",false,"","","","","",car,"","","",""
RANGE ROVER,SUV / Geländewagen,Zuzwil,Blue,Land Rover,0,"",false,"","","","","",car,"","","",""
911,Cabriolet,Zuzwil,Other,Porsche,0,"",false,"","","","","",car,"","","",""
Alpine A110,Coupé,Zuzwil,Gray,Renault,0,"",false,"","","","","",car,"","","",""
A8,Limousine,Zuzwil,Blue,Audi,0,"",false,"","","","","",car,"","","",""
"",Coupé,Zuzwil,Silver,Mercedes-Benz,0,"",false,"","","","","",car,"","","",""
E 500,Limousine,Zuzwil,Gray,Mercedes-Benz,0,"",false,"","","","","",car,"","","",""
CONTINENTAL,Cabriolet,Zuzwil,Other,Bentley,0,"",false,"","","","","",car,"","","",""
CLK 55 AMG,Cabriolet,Zuzwil,Other,Mercedes-Benz,0,"",false,"","","","","",car,"","","",""
CL 55 AMG,Coupé,Zuzwil,Other,Mercedes-Benz,0,"",false,"","","","","",car,"","","",""
E 420,Limousine,Zuzwil,Red,Mercedes-Benz,0,"",false,"","","","","",car,"","","",""
X5,SUV / Geländewagen,Zuzwil,Black,Bmw,0,"",false,"","","","","",car,"","","",""
MURANO,SUV / Geländewagen,Zuzwil,Black,Nissan,0,"",false,"","","","","",car,"","","",""
SL 65 AMG,Cabriolet,Zuzwil,Black,Mercedes-Benz,0,"",false,"","","","","",car,"","","",""
GRANTURISMO,Coupé,Zuzwil,Black,Maserati,0,"",false,"","","","","",car,"","","",""
"",Coupé,Zuzwil,Other,Ruf,0,"",false,"","","","","",car,"","","",""
CONTINENTAL,Cabriolet,Zuzwil,Gray,Bentley,0,"",false,"","","","","",car,"","","",""
X5,SUV / Geländewagen,Zuzwil,Other,Bmw,0,"",false,"","","","","",car,"","","",""
DIABLO,Coupé,Porrentruy,Other,Lamborghini,0,"",false,"","","","","",car,"","","",""
SL 500,Cabriolet,Zuzwil,Silver,Mercedes-Benz,0,"",false,"","","","","",car,"","","",""
R5,Kleinwagen,Zuzwil,Violet,Renault,0,"",false,"","","","","",car,"","","",""
HURACAN,Coupé,Zuzwil,Gray,Lamborghini,0,"",false,"","","","","",car,"","","",""
ARNAGE,Limousine,Zuzwil,Black,Bentley,0,"",false,"","","","","",car,"","","",""
M5,Limousine,Zuzwil,Silver,Bmw,0,"",false,"","","","","",car,"","","",""
SL 320,Cabriolet,Zuzwil,Silver,Mercedes-Benz,0,"",false,"","","","","",car,"","","",""
LANCER,Limousine,Zuzwil,Silver,Mitsubishi,0,"",false,"","","","","",car,"","","",""
MURCIÉLAGO,Coupé,Zuzwil,Blue,Lamborghini,0,"",false,"","","","","",car,"","","",""
MURCIÉLAGO,Cabriolet,Zuzwil,Blue,Lamborghini,0,"",false,"","","","","",car,"","","",""
Alpine A110,Coupé,Zuzwil,Black,Renault,0,"",false,"","","","","",car,"","","",""
AVENTADOR,Cabriolet,Zuzwil,Black,Lamborghini,0,"",false,"","","","","",car,"","","",""
CL 500,Coupé,Zuzwil,Black,Mercedes-Benz,0,"",false,"","","","","",car,"","","",""
"",Limousine,Zuzwil,Silver,Nsu,0,"",false,"","","","","",car,"","","",""
CL 600,Coupé,Zuzwil,Silver,Mercedes-Benz,0,"",false,"","","","","",car,"","","",""
Z4,Coupé,Zuzwil,Silver,Bmw,0,"",false,"","","","","",car,"","","",""
911,Coupé,Zuzwil,Black,Porsche,0,"",false,"","","","","",car,"","","",""
CLS 500,Limousine,Zuzwil,Blue,Mercedes-Benz,0,"",false,"","","","","",car,"","","",""
CAYENNE,SUV / Geländewagen,Zuzwil,Silver,Porsche,0,"",false,"","","","","",car,"","","",""
CL 600,Coupé,Zuzwil,White,Mercedes-Benz,0,"",false,"","","","","",car,"","","",""
575M,Coupé,Zuzwil,White,Ferrari,0,"",false,"","","","","",car,"","","",""
E 430,Limousine,Zuzwil,Other,Mercedes-Benz,0,"",false,"","","","","",car,"","","",""
CONTINENTAL,Limousine,Zuzwil,Yellow,Bentley,0,"",false,"","","","","",car,"","","",""
CLK 430,Coupé,Zuzwil,Gray,Mercedes-Benz,0,"",false,"","","","","",car,"","","",""
SL 600,Cabriolet,Zuzwil,Blue,Mercedes-Benz,0,"",false,"","","","","",car,"","","",""
EUROPA,Coupé,Zuzwil,Black,Lotus,0,"",false,"","","","","",car,"","","",""
C 280,Kombi,Zuzwil,Silver,Mercedes-Benz,0,"",false,"","","","","",car,"","","",""
545,Limousine,Zuzwil,Silver,Bmw,0,"",false,"","","","","",car,"","","",""
7 SERIES,Coupé,Zuzwil,Blue,Bmw-Alpina,0,"",false,"","","","","",car,"","","",""
A8,Limousine,Zuzwil,Other,Audi,0,"",false,"","","","","",car,"","","",""
RS6,Kombi,Zuzwil,Blue,Audi,0,"",false,"","","","","",car,"","","",""
V8,Limousine,Zuzwil,Black,Daimler,0,"",false,"","","","","",car,"","","",""
525,Limousine,Zuzwil,Black,Bmw,0,"",false,"","","","","",car,"","","",""
M3,Coupé,Zuzwil,Red,Bmw,0,"",false,"","","","","",car,"","","",""
C5,Limousine,Zuzwil,Blue,Citroen,0,"",false,"","","","","",car,"","","",""
XJ,Limousine,Zuzwil,White,Jaguar,0,"",false,"","","","","",car,"","","",""
740,Limousine,Zuzwil,Gray,Bmw,0,"",false,"","","","","",car,"","","",""
SLK 55 AMG,Cabriolet,Zuzwil,Black,Mercedes-Benz,0,"",false,"","","","","",car,"","","",""
X5,SUV / Geländewagen,Zuzwil,Silver,Bmw,0,"",false,"","","","","",car,"","","",""
CLS 63 AMG,Limousine,Zuzwil,White,Mercedes-Benz,0,"",false,"","","","","",car,"","","",""
12C,Cabriolet,Zuzwil,Other,Mclaren,0,"",false,"","","","","",car,"","","",""
575M,Coupé,Zuzwil,Other,Ferrari,0,"",false,"","","","","",car,"","","",""
PHAETON,Limousine,Zuzwil,Black,Vw,0,"",false,"","","","","",car,"","","",""
RS4,Cabriolet,Zuzwil,Black,Audi,0,"",false,"","","","","",car,"","","",""
S 320,Limousine,Zuzwil,Silver,Mercedes-Benz,0,"",false,"","","","","",car,"","","",""
ALPINE,Coupé,Zuzwil,Silver,Renault,0,"",false,"","","","","",car,"","","",""
E 55 AMG,Limousine,Zuzwil,Gray,Mercedes-Benz,0,"",false,"","","","","",car,"","","",""
A8,Limousine,Zuzwil,Gray,Audi,0,"",false,"","","","","",car,"","","",""
CAPRI,Coupé,Zuzwil,Black,Ford,0,"",false,"","","","","",car,"","","",""
E 240,Limousine,Zuzwil,Black,Mercedes-Benz,0,"",false,"","","","","",car,"","","",""
SL 600,Cabriolet,Zuzwil,Blue,Mercedes-Benz,0,"",false,"","","","","",car,"","","",""
911,Coupé,Zuzwil,Silver,Porsche,0,"",false,"","","","","",car,"","","",""
CL 500,Coupé,Zuzwil,Silver,Mercedes-Benz,0,"",false,"","","","","",car,"","","",""
E 320,Limousine,Zuzwil,Blue,Mercedes-Benz,0,"",false,"","","","","",car,"","","",""
Dolomite,Limousine,Zuzwil,Silver,Triumph,0,"",false,"","","","","",car,"","","",""
F430,Coupé,Zuzwil,Other,Ferrari,0,"",false,"","","","","",car,"","","",""
XK,Cabriolet,Zuzwil,Gray,Jaguar,0,"",false,"","","","","",car,"","","",""
SL 600,Cabriolet,Zuzwil,Gray,Mercedes-Benz,0,"",false,"","","","","",car,"","","",""
"",Coupé,Zuzwil,Red,Marcos,0,"",false,"","","","","",car,"","","",""
S 500,Limousine,Zuzwil,Blue,Mercedes-Benz,0,"",false,"","","","","",car,"","","",""
CORTINA,Limousine,Zuzwil,Gray,Ford,0,"",false,"","","","","",car,"","","",""
R8,Coupé,Zuzwil,Other,Audi,0,"",false,"","","","","",car,"","","",""
MANTA,Coupé,Zuzwil,Black,Opel,0,"",false,"","","","","",car,"","","",""
R 500,Kombi,Zuzwil,Black,Mercedes-Benz,0,"",false,"","","","","",car,"","","",""
ESCORT,Coupé,Zuzwil,Silver,Ford,0,"",false,"","","","","",car,"","","",""
"",Coupé,Zuzwil,Blue,Ruf,0,"",false,"","","","","",car,"","","",""
ML 63 AMG,SUV / Geländewagen,Zuzwil,Blue,Mercedes-Benz,0,"",false,"","","","","",car,"","","",""
STARION,Coupé,Zuzwil,Red,Mitsubishi,0,"",false,"","","","","",car,"","","",""
E 63 AMG,Limousine,Zuzwil,Red,Mercedes-Benz,0,"",false,"","","","","",car,"","","",""
"",Limousine,Zuzwil,Red,Toyota,0,"",false,"","","","","",car,"","","",""
S 500,Limousine,Zuzwil,Black,Mercedes-Benz,0,"",false,"","","","","",car,"","","",""
RS6,Kombi,Zuzwil,Silver,Audi,0,"",false,"","","","","",car,"","","",""
CL 600,Coupé,Zuzwil,Blue,Mercedes-Benz,0,"",false,"","","","","",car,"","","",""
ALPINE,Coupé,Zuzwil,Black,Renault,0,"",false,"","","","","",car,"","","",""
911,Coupé,Zuzwil,Black,Porsche,0,"",false,"","","","","",car,"","","",""
911,Coupé,Zuzwil,Silver,Porsche,0,"",false,"","","","","",car,"","","",""
SUNNY,Limousine,Zuzwil,Silver,Nissan,0,"",false,"","","","","",car,"","","",""
ARNAGE,Limousine,Zuzwil,Black,Bentley,0,"",false,"","","","","",car,"","","",""
ARNAGE,Limousine,Zuzwil,Black,Bentley,0,"",false,"","","","","",car,"","","",""
CARINA,Limousine,Zuzwil,Silver,Toyota,0,"",false,"","","","","",car,"","","",""
E 500,Kombi,Zuzwil,Black,Mercedes-Benz,0,"",false,"","","","","",car,"","","",""
911,Cabriolet,Zuzwil,Black,Porsche,0,"",false,"","","","","",car,"","","",""
CAYENNE,SUV / Geländewagen,Zuzwil,Silver,Porsche,0,"",false,"","","","","",car,"","","",""
C 230,Limousine,Zuzwil,Blue,Mercedes-Benz,0,"",false,"","","","","",car,"","","",""
CAMRY,Limousine,Safenwil,Yellow,Toyota,0,"",false,"","","","","",car,"","","",""
S-CLASS,Limousine,Zuzwil,Gray,Mercedes-Benz,0,"",false,"","","","","",car,"","","",""
M6,Cabriolet,Zuzwil,Black,Bmw,0,"",false,"","","","","",car,"","","",""
131,Limousine,Zuzwil,Black,Fiat,0,"",false,"","","","","",car,"","","",""
911,Cabriolet,Zuzwil,Black,Porsche,0,"",false,"","","","","",car,"","","",""
GALLARDO,Coupé,Zuzwil,Silver,Lamborghini,0,"",false,"","","","","",car,"","","",""
CL 500,Coupé,Zuzwil,Blue,Mercedes-Benz,0,"",false,"","","","","",car,"","","",""
F360,Coupé,Zuzwil,Gray,Ferrari,0,"",false,"","","","","",car,"","","",""
Super Seven,Cabriolet,Zuzwil,Gray,Lotus,0,"",false,"","","","","",car,"","","",""
SL 600,Cabriolet,Zuzwil,Black,Mercedes-Benz,0,"",false,"","","","","",car,"","","",""
"",Cabriolet,Zuzwil,Blue,Mercedes-Benz,0,"",false,"","","","","",car,"","","",""
911,Cabriolet,Zuzwil,Black,Porsche,0,"",false,"","","","","",car,"","","",""
450,Limousine,Zuzwil,Black,Mercedes-Benz,0,"",false,"","","","","",car,"","","",""
MURCIÉLAGO,Coupé,Zuzwil,Black,Lamborghini,0,"",false,"","","","","",car,"","","",""
SLK 32 AMG,Cabriolet,Zuzwil,Black,Mercedes-Benz,0,"",false,"","","","","",car,"","","",""
5 SERIES,Limousine,Zuzwil,Silver,Bmw-Alpina,0,"",false,"","","","","",car,"","","",""
CLK 55 AMG,Coupé,Zuzwil,Blue,Mercedes-Benz,0,"",false,"","","","","",car,"","","",""
SL 55 AMG,Cabriolet,Zuzwil,Gray,Mercedes-Benz,0,"",false,"","","","","",car,"","","",""
CLS 63 AMG,Limousine,Zuzwil,Other,Mercedes-Benz,0,"",false,"","","","","",car,"","","",""
CHARADE,Kleinwagen,Zuzwil,Blue,Daihatsu,0,"",false,"","","","","",car,"","","",""
RANGE ROVER SPORT,SUV / Geländewagen,Zuzwil,Silver,Land Rover,0,"",false,"","","","","",car,"","","",""
911,Coupé,Zuzwil,Silver,Porsche,0,"",false,"","","","","",car,"","","",""
CL 600,Coupé,Zuzwil,White,Mercedes-Benz,0,"",false,"","","","","",car,"","","",""
RS6,Kombi,Zuzwil,Blue,Audi,0,"",false,"","","","","",car,"","","",""
SL 600,Cabriolet,Zuzwil,Other,Mercedes-Benz,0,"",false,"","","","","",car,"","","",""
E 50 AMG,Limousine,Zuzwil,Black,Mercedes-Benz,0,"",false,"","","","","",car,"","","",""
RS6,Kombi,Zuzwil,Black,Audi,0,"",false,"","","","","",car,"","","",""
330,Coupé,Zuzwil,Black,Bmw,0,"",false,"","","","","",car,"","","",""
CAPRI,Coupé,Zuzwil,Blue,Ford,0,"",false,"","","","","",car,"","","",""
ELISE,Cabriolet,Zuzwil,Blue,Lotus,0,"",false,"","","","","",car,"","","",""
GALLARDO,Coupé,Zuzwil,Blue,Lamborghini,0,"",false,"","","","","",car,"","","",""
M3,Limousine,Zuzwil,Other,Bmw,0,"",false,"","","","","",car,"","","",""
Grand Cherokee,SUV / Geländewagen,Zuzwil,Black,Jeep,0,"",false,"","","","","",car,"","","",""
M6,Cabriolet,Zuzwil,Black,Bmw,0,"",false,"","","","","",car,"","","",""
CL 500,Coupé,Zuzwil,Silver,Mercedes-Benz,0,"",false,"","","","","",car,"","","",""
CAYENNE,SUV / Geländewagen,Zuzwil,White,Porsche,0,"",false,"","","","","",car,"","","",""
RANGE ROVER,SUV / Geländewagen,Zuzwil,Blue,Land Rover,0,"",false,"","","","","",car,"","","",""
ALPINE,Coupé,Zuzwil,Blue,Renault,0,"",false,"","","","","",car,"","","",""
QUATTROPORTE,Limousine,Zuzwil,Brown,Maserati,0,"",false,"","","","","",car,"","","",""
S 500,Limousine,Zuzwil,Gray,Mercedes-Benz,0,"",false,"","","","","",car,"","","",""
DIABLO,Coupé,Porrentruy,Black,Lamborghini,0,"",false,"","","","","",car,"","","",""
DIABLO,Coupé,Zuzwil,Blue,Lamborghini,0,"",false,"","","","","",car,"","","",""
575M,Coupé,Zuzwil,White,Ferrari,0,"",false,"","","","","",car,"","","",""
RS6,Kombi,Zuzwil,White,Audi,0,"",false,"","","","","",car,"","","",""
SL 500,Cabriolet,Zuzwil,Blue,Mercedes-Benz,0,"",false,"","","","","",car,"","","",""
911,Coupé,Zuzwil,Gray,Porsche,0,"",false,"","","","","",car,"","","",""
CAYENNE,SUV / Geländewagen,Zuzwil,Black,Porsche,0,"",false,"","","","","",car,"","","",""
X5,SUV / Geländewagen,Zuzwil,Black,Bmw,0,"",false,"","","","","",car,"","","",""
G 55 AMG,SUV / Geländewagen,Zuzwil,Black,Mercedes-Benz,0,"",false,"","","","","",car,"","","",""
GRANSPORT,Coupé,Zuzwil,Silver,Maserati,0,"",false,"","","","","",car,"","","",""
911,Coupé,Zuzwil,Blue,Porsche,0,"",false,"","","","","",car,"","","",""
911,Coupé,Zuzwil,Gray,Porsche,0,"",false,"","","","","",car,"","","",""
CLS 500,Limousine,Zuzwil,Blue,Mercedes-Benz,0,"",false,"","","","","",car,"","","",""
740,Limousine,Zuzwil,Black,Bmw,0,"",false,"","","","","",car,"","","",""
F360,Coupé,Zuzwil,Silver,Ferrari,0,"",false,"","","","","",car,"","","",""
A8,Limousine,Zuzwil,Silver,Audi,0,"",false,"","","","","",car,"","","",""
E 420,Limousine,Zuzwil,Blue,Mercedes-Benz,0,"",false,"","","","","",car,"","","",""
944,Cabriolet,Zuzwil,Red,Porsche,0,"",false,"","","","","",car,"","","",""
SL 600,Cabriolet,Zuzwil,Red,Mercedes-Benz,0,"",false,"","","","","",car,"","","",""
SL 500,Cabriolet,Zuzwil,Black,Mercedes-Benz,0,"",false,"","","","","",car,"","","",""
R5,Kleinwagen,Zuzwil,Black,Renault,0,"",false,"","","","","",car,"","","",""
RS6,Kombi,Zuzwil,Black,Audi,0,"",false,"","","","","",car,"","","",""
E 320,Limousine,Zuzwil,Silver,Mercedes-Benz,0,"",false,"","","","","",car,"","","",""
500,Limousine,Zuzwil,Blue,Mercedes-Benz,0,"",false,"","","","","",car,"","","",""
728,Limousine,Zuzwil,White,Bmw,0,"",false,"","","","","",car,"","","",""
911,Coupé,Zuzwil,Blue,Porsche,0,"",false,"","","","","",car,"","","",""
GALLARDO,Coupé,Zuzwil,Black,Lamborghini,0,"",false,"","","","","",car,"","","",""
SL 500,Cabriolet,Zuzwil,Black,Mercedes-Benz,0,"",false,"","","","","",car,"","","",""
ELISE,Cabriolet,Zuzwil,Black,Lotus,0,"",false,"","","","","",car,"","","",""
CAYENNE,SUV / Geländewagen,Zuzwil,Silver,Porsche,0,"",false,"","","","","",car,"","","",""
E 230,Kombi,Zuzwil,Blue,Mercedes-Benz,0,"",false,"","","","","",car,"","","",""
530,Kombi,Zuzwil,Blue,Bmw,0,"",false,"","","","","",car,"","","",""
F355,Coupé,Zuzwil,Yellow,Ferrari,0,"",false,"","","","","",car,"","","",""
CORVETTE,Coupé,Zuzwil,Other,Chevrolet,0,"",false,"","","","","",car,"","","",""
SLK 230,Cabriolet,Zuzwil,Black,Mercedes-Benz,0,"",false,"","","","","",car,"","","",""
MONDIAL,Coupé,Zuzwil,Silver,Ferrari,0,"",false,"","","","","",car,"","","",""
SL 600,Cabriolet,Zuzwil,White,Mercedes-Benz,0,"",false,"","","","","",car,"","","",""
X5,SUV / Geländewagen,Zuzwil,Black,Bmw,0,"",false,"","","","","",car,"","","",""
CL 600,Coupé,Zuzwil,Black,Mercedes-Benz,0,"",false,"","","","","",car,"","","",""
SL 63 AMG,Cabriolet,Zuzwil,Blue,Mercedes-Benz,0,"",false,"","","","","",car,"","","",""
M3,Cabriolet,Zuzwil,Silver,Bmw,0,"",false,"","","","","",car,"","","",""
SL 55 AMG,Cabriolet,Zuzwil,Blue,Mercedes-Benz,0,"",false,"","","","","",car,"","","",""
SL 600,Cabriolet,Zuzwil,Blue,Mercedes-Benz,0,"",false,"","","","","",car,"","","",""
"",Wohnkabine,Zuzwil,Blue,Giottiline,0,"",false,"","","","","",car,"","","",""
V8 Vantage,Coupé,Zuzwil,Black,Aston Martin,0,"",false,"","","","","",car,"","","",""
R8,Coupé,Zuzwil,Black,Audi,0,"",false,"","","","","",car,"","","",""
ARNAGE,Limousine,Zuzwil,Silver,Bentley,0,"",false,"","","","","",car,"","","",""
RS6,Kombi,Zuzwil,Gray,Audi,0,"",false,"","","","","",car,"","","",""
RS6,Kombi,Zuzwil,Red,Audi,0,"",false,"","","","","",car,"","","",""
760,Limousine,Zuzwil,Black,Bmw,0,"",false,"","","","","",car,"","","",""
QUATTROPORTE,Limousine,Zuzwil,Black,Maserati,0,"",false,"","","","","",car,"","","",""
X5,SUV / Geländewagen,Zuzwil,Black,Bmw,0,"",false,"","","","","",car,"","","",""
12C,Coupé,Zuzwil,White,Mclaren,0,"",false,"","","","","",car,"","","",""
ARNAGE,Limousine,Zuzwil,White,Bentley,0,"",false,"","","","","",car,"","","",""
ALPINE,Coupé,Zuzwil,White,Renault,0,"",false,"","","","","",car,"","","",""
RS6,Kombi,Zuzwil,Gray,Audi,0,"",false,"","","","","",car,"","","",""
9-3,Cabriolet,Zuzwil,Other,Saab,0,"",false,"","","","","",car,"","","",""
DIABLO,Cabriolet,Porrentruy,Black,Lamborghini,0,"",false,"","","","","",car,"","","",""
CLK 63 AMG,Coupé,Zuzwil,Black,Mercedes-Benz,0,"",false,"","","","","",car,"","","",""
CONTINENTAL,Cabriolet,Zuzwil,Black,Bentley,0,"",false,"","","","","",car,"","","",""
DB9,Cabriolet,Zuzwil,Blue,Aston Martin,0,"",false,"","","","","",car,"","","",""
CARRERA GT,Cabriolet,Zuzwil,Silver,Porsche,0,"",false,"","","","","",car,"","","",""
458,Coupé,Zuzwil,Blue,Ferrari,0,"",false,"","","","","",car,"","","",""
RS6,Kombi,Zuzwil,Blue,Audi,0,"",false,"","","","","",car,"","","",""
RS6,Kombi,Zuzwil,Gray,Audi,0,"",false,"","","","","",car,"","","",""
911,Coupé,Zuzwil,Gray,Porsche,0,"",false,"","","","","",car,"","","",""
Z4,Cabriolet,Zuzwil,Other,Bmw,0,"",false,"","","","","",car,"","","",""
ARNAGE,Limousine,Zuzwil,Red,Bentley,0,"",false,"","","","","",car,"","","",""
SUNNY,Limousine,Zuzwil,Black,Nissan,0,"",false,"","","","","",car,"","","",""
IBIZA,Kleinwagen,Zuzwil,Black,Seat,0,"",false,"","","","","",car,"","","",""
XJ,Limousine,Zuzwil,Other,Daimler,0,"",false,"","","","","",car,"","","",""
MATRA,Coupé,Zuzwil,Gray,Talbot,0,"",false,"","","","","",car,"","","",""
GTV,Coupé,Zuzwil,Black,Alfa Romeo,0,"",false,"","","","","",car,"","","",""
E,Cabriolet,Zuzwil,Black,Jaguar,0,"",false,"","","","","",car,"","","",""
E 55 AMG,Limousine,Zuzwil,Silver,Mercedes-Benz,0,"",false,"","","","","",car,"","","",""
COUPÉ GT,Coupé,Zuzwil,White,Maserati,0,"",false,"","","","","",car,"","","",""
911,Cabriolet,Zuzwil,Blue,Porsche,0,"",false,"","","","","",car,"","","",""
CAYENNE,SUV / Geländewagen,Zuzwil,Red,Porsche,0,"",false,"","","","","",car,"","","",""
RS5,Coupé,Zuzwil,Black,Audi,0,"",false,"","","","","",car,"","","",""
ALPINE,Coupé,Zuzwil,Silver,Renault,0,"",false,"","","","","",car,"","","",""
CAYENNE,SUV / Geländewagen,Zuzwil,Silver,Porsche,0,"",false,"","","","","",car,"","","",""
RANGE ROVER SPORT,SUV / Geländewagen,Zuzwil,Blue,Land Rover,0,"",false,"","","","","",car,"","","",""
S 65 AMG,Limousine,Zuzwil,Silver,Mercedes-Benz,0,"",false,"","","","","",car,"","","",""
CAYENNE,SUV / Geländewagen,Zuzwil,Silver,Porsche,0,"",false,"","","","","",car,"","","",""
Alpine A110,Coupé,Zuzwil,Silver,Renault,0,"",false,"","","","","",car,"","","",""
S 65 AMG,Limousine,Zuzwil,White,Mercedes-Benz,0,"",false,"","","","","",car,"","","",""
TURBO,Limousine,Zuzwil,Red,Bentley,0,"",false,"","","","","",car,"","","",""
RANGE ROVER,SUV / Geländewagen,Zuzwil,Red,Land Rover,0,"",false,"","","","","",car,"","","",""
E 63 AMG,Limousine,Zuzwil,Black,Mercedes-Benz,0,"",false,"","","","","",car,"","","",""
RS6,Kombi,Zuzwil,Blue,Audi,0,"",false,"","","","","",car,"","","",""
S 320,Limousine,Zuzwil,Gray,Mercedes-Benz,0,"",false,"","","","","",car,"","","",""
F355,Cabriolet,Zuzwil,Red,Ferrari,0,"",false,"","","","","",car,"","","",""
F40 / F50,Coupé,Sursee,Black,Ferrari,0,"",false,"","","","","",car,"","","",""
DELTA,Limousine,Zuzwil,Blue,Lancia,0,"",false,"","","","","",car,"","","",""
COUPÉ GT,Coupé,Zuzwil,Blue,Maserati,0,"",false,"","","","","",car,"","","",""
328,Limousine,Zuzwil,Silver,Bmw,0,"",false,"","","","","",car,"","","",""
320,Limousine,Zuzwil,White,Bmw,0,"",false,"","","","","",car,"","","",""
RS6,Kombi,Zuzwil,Blue,Audi,0,"",false,"","","","","",car,"","","",""
R12,Limousine,Zuzwil,Black,Renault,0,"",false,"","","","","",car,"","","",""
RS4,Kombi,Zuzwil,Black,Audi,0,"",false,"","","","","",car,"","","",""
SL 600,Cabriolet,Zuzwil,Black,Mercedes-Benz,0,"",false,"","","","","",car,"","","",""
F550,Coupé,Zuzwil,Gray,Ferrari,0,"",false,"","","","","",car,"","","",""
S 63 AMG,Limousine,Zuzwil,Red,Mercedes-Benz,0,"",false,"","","","","",car,"","","",""
M3,Limousine,Zuzwil,Black,Bmw,0,"",false,"","","","","",car,"","","",""
523,Kombi,Zuzwil,Black,Bmw,0,"",false,"","","","","",car,"","","",""
QUATTRO,Coupé,Zuzwil,Silver,Audi,0,"",false,"","","","","",car,"","","",""
MR2,Coupé,Zuzwil,Yellow,Toyota,0,"",false,"","","","","",car,"","","",""
612,Coupé,Zuzwil,Gray,Ferrari,0,"",false,"","","","","",car,"","","",""
SL 500,Cabriolet,Zuzwil,Black,Mercedes-Benz,0,"",false,"","","","","",car,"","","",""
CELICA,Coupé,Zuzwil,Blue,Toyota,0,"",false,"","","","","",car,"","","",""
GRANTURISMO,Coupé,Zuzwil,Black,Maserati,0,"",false,"","","","","",car,"","","",""
2002,Limousine,Zuzwil,Silver,Bmw,0,"",false,"","","","","",car,"","","",""
A8,Limousine,Zuzwil,White,Audi,0,"",false,"","","","","",car,"","","",""
A8,Limousine,Zuzwil,White,Audi,0,"",false,"","","","","",car,"","","",""
S 320,Limousine,Zuzwil,Other,Mercedes-Benz,0,"",false,"","","","","",car,"","","",""
S 500,Limousine,Zuzwil,Gray,Mercedes-Benz,0,"",false,"","","","","",car,"","","",""
GALLARDO,Cabriolet,Zuzwil,Gray,Lamborghini,0,"",false,"","","","","",car,"","","",""
RANGE ROVER,SUV / Geländewagen,Zuzwil,Other,Land Rover,0,"",false,"","","","","",car,"","","",""
SL 55 AMG,Cabriolet,Zuzwil,Black,Mercedes-Benz,0,"",false,"","","","","",car,"","","",""
SL 65 AMG,Coupé,Zuzwil,Silver,Mercedes-Benz,0,"",false,"","","","","",car,"","","",""
SL 500,Cabriolet,Zuzwil,Silver,Mercedes-Benz,0,"",false,"","","","","",car,"","","",""
F355,Coupé,Zuzwil,Silver,Ferrari,0,"",false,"","","","","",car,"","","",""
SL 55 AMG,Cabriolet,Zuzwil,Silver,Mercedes-Benz,0,"",false,"","","","","",car,"","","",""
A8,Limousine,Zuzwil,Blue,Audi,0,"",false,"","","","","",car,"","","",""
F360,Coupé,Zuzwil,Other,Ferrari,0,"",false,"","","","","",car,"","","",""
M5,Limousine,Zuzwil,Other,Bmw,0,"",false,"","","","","",car,"","","",""
"",Limousine,Zuzwil,Other,Lancia,0,"",false,"","","","","",car,"","","",""
CORVETTE,Coupé,Zuzwil,Blue,Chevrolet,0,"",false,"","","","","",car,"","","",""
SL 65 AMG,Coupé,Zuzwil,Red,Mercedes-Benz,0,"",false,"","","","","",car,"","","",""
190,Limousine,Zuzwil,Silver,Mercedes-Benz,0,"",false,"","","","","",car,"","","",""
PHAETON,Limousine,Zuzwil,Blue,Vw,0,"",false,"","","","","",car,"","","",""
F360,Cabriolet,Zuzwil,Red,Ferrari,0,"",false,"","","","","",car,"","","",""
A6,Kombi,Zuzwil,Red,Audi,0,"",false,"","","","","",car,"","","",""
MURCIÉLAGO,Coupé,Zuzwil,Black,Lamborghini,0,"",false,"","","","","",car,"","","",""
ESCORT,Limousine,Zuzwil,Black,Ford,0,"",false,"","","","","",car,"","","",""
ESPRIT,Coupé,Zuzwil,Black,Lotus,0,"",false,"","","","","",car,"","","",""
735,Limousine,Zuzwil,Silver,Bmw,0,"",false,"","","","","",car,"","","",""
SL 500,Cabriolet,Zuzwil,Other,Mercedes-Benz,0,"",false,"","","","","",car,"","","",""
CLS 55 AMG,Limousine,Zuzwil,Other,Mercedes-Benz,0,"",false,"","","","","",car,"","","",""
E 55 AMG,Limousine,Zuzwil,Other,Mercedes-Benz,0,"",false,"","","","","",car,"","","",""
Mulsanne,Limousine,Zuzwil,Red,Bentley,0,"",false,"","","","","",car,"","","",""
550,Kombi,Zuzwil,Black,Bmw,0,"",false,"","","","","",car,"","","",""
CAMARO,Cabriolet,Sursee,Blue,Chevrolet,0,"",false,"","","","","",car,"","","",""
RS6,Kombi,Zuzwil,White,Audi,0,"",false,"","","","","",car,"","","",""
Silverado,Pick-up,Zuzwil,White,Chevrolet,0,"",false,"","","","","",car,"","","",""
740,Limousine,Zuzwil,Gray,Bmw,0,"",false,"","","","","",car,"","","",""
ALPINE,Coupé,Zuzwil,Blue,Renault,0,"",false,"","","","","",car,"","","",""
X5,SUV / Geländewagen,Zuzwil,Black,Bmw,0,"",false,"","","","","",car,"","","",""
A6,Limousine,Zuzwil,Silver,Audi,0,"",false,"","","","","",car,"","","",""
ALPINE,Coupé,Zuzwil,Silver,Renault,0,"",false,"","","","","",car,"","","",""
190,Limousine,Zuzwil,Blue,Mercedes-Benz,0,"",false,"","","","","",car,"","","",""
"",Limousine,Zuzwil,Black,Renault,0,"",false,"","","","","",car,"","","",""
RS6,Kombi,Zuzwil,Black,Audi,0,"",false,"","","","","",car,"","","",""
CL 600,Coupé,Zuzwil,Silver,Mercedes-Benz,0,"",false,"","","","","",car,"","","",""
911,Coupé,Zuzwil,Silver,Porsche,0,"",false,"","","","","",car,"","","",""
R8,Cabriolet,Zuzwil,Silver,Audi,0,"",false,"","","","","",car,"","","",""
RS6,Kombi,Zuzwil,Silver,Audi,0,"",false,"","","","","",car,"","","",""
PANAMERA,Limousine,Zuzwil,Silver,Porsche,0,"",false,"","","","","",car,"","","",""
750,Limousine,Zuzwil,Silver,Bmw,0,"",false,"","","","","",car,"","","",""
COUPÉ GT,Coupé,Zuzwil,Blue,Maserati,0,"",false,"","","","","",car,"","","",""
CL 500,Coupé,Zuzwil,Gray,Mercedes-Benz,0,"",false,"","","","","",car,"","","",""
GALLARDO,Coupé,Zuzwil,Black,Lamborghini,0,"",false,"","","","","",car,"","","",""
Silver Spur,Limousine,Zuzwil,Black,Rolls-Royce,0,"",false,"","","","","",car,"","","",""
365,Coupé,Sursee,Silver,Ferrari,0,"",false,"","","","","",car,"","","",""
CLK 55 AMG,Coupé,Zuzwil,Silver,Mercedes-Benz,0,"",false,"","","","","",car,"","","",""
ARNAGE,Limousine,Zuzwil,Blue,Bentley,0,"",false,"","","","","",car,"","","",""
911,Coupé,Zuzwil,Other,Porsche,0,"",false,"","","","","",car,"","","",""
E 63 AMG,Limousine,Zuzwil,Red,Mercedes-Benz,0,"",false,"","","","","",car,"","","",""
Alpine A110,Coupé,Zuzwil,White,Renault,0,"",false,"","","","","",car,"","","",""
SL 500,Cabriolet,Zuzwil,Other,Mercedes-Benz,0,"",false,"","","","","",car,"","","",""
456,Coupé,Zuzwil,Black,Ferrari,0,"",false,"","","","","",car,"","","",""
730,Limousine,Zuzwil,Black,Bmw,0,"",false,"","","","","",car,"","","",""
F360,Coupé,Zuzwil,Black,Ferrari,0,"",false,"","","","","",car,"","","",""
S 320,Limousine,Zuzwil,Black,Mercedes-Benz,0,"",false,"","","","","",car,"","","",""
"",Cabriolet,Zuzwil,Silver,Datsun,0,"",false,"","","","","",car,"","","",""
"",Cabriolet,Zuzwil,White,Agm,0,"",false,"","","","","",car,"","","",""
911,Cabriolet,Zuzwil,White,Porsche,0,"",false,"","","","","",car,"","","",""
V12 Vanquish,Coupé,Zuzwil,Gray,Aston Martin,0,"",false,"","","","","",car,"","","",""
535,Limousine,Zuzwil,Black,Bmw,0,"",false,"","","","","",car,"","","",""
911,Coupé,Zuzwil,Black,Porsche,0,"",false,"","","","","",car,"","","",""
SL 500,Cabriolet,Zuzwil,White,Mercedes-Benz,0,"",false,"","","","","",car,"","","",""
X3,SUV / Geländewagen,Zuzwil,Blue,Bmw,0,"",false,"","","","","",car,"","","",""
911,Coupé,Zuzwil,Gray,Porsche,0,"",false,"","","","","",car,"","","",""
RS6,Kombi,Zuzwil,Blue,Audi,0,"",false,"","","","","",car,"","","",""
528,Kombi,Zuzwil,Black,Bmw,0,"",false,"","","","","",car,"","","",""
740,Limousine,Zuzwil,Black,Bmw,0,"",false,"","","","","",car,"","","",""
XJ,Limousine,Zuzwil,Blue,Jaguar,0,"",false,"","","","","",car,"","","",""
M5,Limousine,Zuzwil,Black,Bmw,0,"",false,"","","","","",car,"","","",""
3.0,Limousine,Zuzwil,Black,Bmw,0,"",false,"","","","","",car,"","","",""
911,Coupé,Zuzwil,Silver,Porsche,0,"",false,"","","","","",car,"","","",""
VIPER,Cabriolet,Zuzwil,Black,Chrysler,0,"",false,"","","","","",car,"","","",""
"",Coupé,Zuzwil,Black,Talbot,0,"",false,"","","","","",car,"","","",""
R5,Kleinwagen,Zuzwil,Silver,Renault,0,"",false,"","","","","",car,"","","",""
911,Cabriolet,Zuzwil,Blue,Porsche,0,"",false,"","","","","",car,"","","",""
F360,Coupé,Zuzwil,Black,Ferrari,0,"",false,"","","","","",car,"","","",""
XK,Cabriolet,Zuzwil,Black,Jaguar,0,"",false,"","","","","",car,"","","",""
LAND CRUISER,SUV / Geländewagen,Zuzwil,Silver,Toyota,0,"",false,"","","","","",car,"","","",""
PANTERA,Limousine,Zuzwil,White,De Tomaso,0,"",false,"","","","","",car,"","","",""
SL 55 AMG,Cabriolet,Zuzwil,Blue,Mercedes-Benz,0,"",false,"","","","","",car,"","","",""
535,Kombi,Zuzwil,Gray,Bmw,0,"",false,"","","","","",car,"","","",""
RS6,Kombi,Zuzwil,Gray,Audi,0,"",false,"","","","","",car,"","","",""
RANGE ROVER,SUV / Geländewagen,Zuzwil,Gray,Land Rover,0,"",false,"","","","","",car,"","","",""
911,Coupé,Zuzwil,Red,Porsche,0,"",false,"","","","","",car,"","","",""
METRO,Coupé,Zuzwil,Black,Mg,0,"",false,"","","","","",car,"","","",""
RS4,Kombi,Zuzwil,Black,Audi,0,"",false,"","","","","",car,"","","",""
COUPÉ,Coupé,Zuzwil,Black,Hyundai,0,"",false,"","","","","",car,"","","",""
3 SERIES,Limousine,Zuzwil,Silver,Bmw-Alpina,0,"",false,"","","","","",car,"","","",""
911,Coupé,Zuzwil,Other,Porsche,0,"",false,"","","","","",car,"","","",""
RS6,Kombi,Zuzwil,Red,Audi,0,"",false,"","","","","",car,"","","",""
M5,Limousine,Zuzwil,Black,Bmw,0,"",false,"","","","","",car,"","","",""
535,Limousine,Zuzwil,Black,Bmw,0,"",false,"","","","","",car,"","","",""
DB7,Cabriolet,Zuzwil,Silver,Aston Martin,0,"",false,"","","","","",car,"","","",""
A8,Limousine,Zuzwil,Silver,Audi,0,"",false,"","","","","",car,"","","",""
456,Coupé,Zuzwil,Gray,Ferrari,0,"",false,"","","","","",car,"","","",""
SLK 200,Cabriolet,Zuzwil,Gray,Mercedes-Benz,0,"",false,"","","","","",car,"","","",""
CAYENNE,SUV / Geländewagen,Zuzwil,Black,Porsche,0,"",false,"","","","","",car,"","","",""
RS6,Kombi,Zuzwil,Silver,Audi,0,"",false,"","","","","",car,"","","",""
RS4,Kombi,Zuzwil,Blue,Audi,0,"",false,"","","","","",car,"","","",""
SL 500,Cabriolet,Zuzwil,Black,Mercedes-Benz,0,"",false,"","","","","",car,"","","",""
SL 55 AMG,Cabriolet,Zuzwil,Black,Mercedes-Benz,0,"",false,"","","","","",car,"","","",""
F360,Coupé,Zuzwil,Silver,Ferrari,0,"",false,"","","","","",car,"","","",""
330,Limousine,Zuzwil,Silver,Bmw,0,"",false,"","","","","",car,"","","",""
190,Limousine,Zuzwil,Silver,Mercedes-Benz,0,"",false,"","","","","",car,"","","",""
S 500,Limousine,Zuzwil,Violet,Mercedes-Benz,0,"",false,"","","","","",car,"","","",""
RS6,Kombi,Zuzwil,Other,Audi,0,"",false,"","","","","",car,"","","",""
GALLARDO,Coupé,Zuzwil,Black,Lamborghini,0,"",false,"","","","","",car,"","","",""
CONTINENTAL,Limousine,Zuzwil,Black,Bentley,0,"",false,"","","","","",car,"","","",""
"",Coupé,Zuzwil,Black,Mercedes-Benz,0,"",false,"","","","","",car,"","","",""
CL 600,Coupé,Zuzwil,White,Mercedes-Benz,0,"",false,"","","","","",car,"","","",""
RANGE ROVER,SUV / Geländewagen,Zuzwil,Gray,Land Rover,0,"",false,"","","","","",car,"","","",""
DBS,Coupé,Zuzwil,Gray,Aston Martin,0,"",false,"","","","","",car,"","","",""
SL 500,Cabriolet,Zuzwil,Gray,Mercedes-Benz,0,"",false,"","","","","",car,"","","",""
"",Limousine,Zuzwil,Other,Nsu,0,"",false,"","","","","",car,"","","",""
2002,Limousine,Zuzwil,Black,Bmw,0,"",false,"","","","","",car,"","","",""
612,Coupé,Zuzwil,Black,Ferrari,0,"",false,"","","","","",car,"","","",""
599,Coupé,Zuzwil,Silver,Ferrari,0,"",false,"","","","","",car,"","","",""
S7,Limousine,Zuzwil,Silver,Audi,0,"",false,"","","","","",car,"","","",""
CORVETTE,Coupé,Zuzwil,Violet,Chevrolet,0,"",false,"","","","","",car,"","","",""
CL 500,Coupé,Zuzwil,Blue,Mercedes-Benz,0,"",false,"","","","","",car,"","","",""
RS6,Kombi,Zuzwil,Blue,Audi,0,"",false,"","","","","",car,"","","",""
575M,Coupé,Zuzwil,Gray,Ferrari,0,"",false,"","","","","",car,"","","",""
CONTINENTAL,Limousine,Zuzwil,Blue,Bentley,0,"",false,"","","","","",car,"","","",""
ARNAGE,Limousine,Zuzwil,Silver,Bentley,0,"",false,"","","","","",car,"","","",""
F430,Coupé,Zuzwil,Silver,Ferrari,0,"",false,"","","","","",car,"","","",""
SL 350,Cabriolet,Zuzwil,Gray,Mercedes-Benz,0,"",false,"","","","","",car,"","","",""
E 420,Kombi,Zuzwil,Other,Mercedes-Benz,0,"",false,"","","","","",car,"","","",""
Silver Spirit,Limousine,Zuzwil,Black,Rolls-Royce,0,"",false,"","","","","",car,"","","",""
ALPINE,Coupé,Zuzwil,Black,Renault,0,"",false,"","","","","",car,"","","",""
RS4,Limousine,Zuzwil,Silver,Audi,0,"",false,"","","","","",car,"","","",""
2002,Limousine,Zuzwil,Silver,Bmw,0,"",false,"","","","","",car,"","","",""
E 63 AMG,Limousine,Zuzwil,Blue,Mercedes-Benz,0,"",false,"","","","","",car,"","","",""
S 65 AMG,Limousine,Zuzwil,Blue,Mercedes-Benz,0,"",false,"","","","","",car,"","","",""
A6,Limousine,Zuzwil,Blue,Audi,0,"",false,"","","","","",car,"","","",""
CELICA,Coupé,Zuzwil,Blue,Toyota,0,"",false,"","","","","",car,"","","",""
S40,Limousine,Zuzwil,Black,Volvo,0,"",false,"","","","","",car,"","","",""
S3,Limousine,Zuzwil,Black,Audi,0,"",false,"","","","","",car,"","","",""
S 600,Coupé,Zuzwil,Other,Mercedes-Benz,0,"",false,"","","","","",car,"","","",""
DIABLO,Coupé,Porrentruy,Blue,Lamborghini,0,"",false,"","","","","",car,"","","",""
RS6,Kombi,Zuzwil,Black,Audi,0,"",false,"","","","","",car,"","","",""
JETTA,Limousine,Zuzwil,Silver,Vw,0,"",false,"","","","","",car,"","","",""
730,Limousine,Zuzwil,Other,Bmw,0,"",false,"","","","","",car,"","","",""
QUATTROPORTE,Limousine,Zuzwil,Black,Maserati,0,"",false,"","","","","",car,"","","",""
MURCIÉLAGO,Coupé,Zuzwil,Black,Lamborghini,0,"",false,"","","","","",car,"","","",""
E 55 AMG,Limousine,Zuzwil,Silver,Mercedes-Benz,0,"",false,"","","","","",car,"","","",""
PHANTOM,Limousine,Zuzwil,White,Rolls-Royce,0,"",false,"","","","","",car,"","","",""
M3,Cabriolet,Zuzwil,Gray,Bmw,0,"",false,"","","","","",car,"","","",""
VIPER,Cabriolet,Zuzwil,Gray,Dodge,0,"",false,"","","","","",car,"","","",""
B 200,Kompaktvan / Minivan,Zuzwil,Black,Mercedes-Benz,0,"",false,"","","","","",car,"","","",""
XK,Coupé,Zuzwil,Black,Jaguar,0,"",false,"","","","","",car,"","","",""
8C,Cabriolet,Porrentruy,Silver,Alfa Romeo,0,"",false,"","","","","",car,"","","",""
ARNAGE,Limousine,Basel,Silver,Bentley,0,"",false,"","","","","",car,"","","",""
RS6,Kombi,Zuzwil,Blue,Audi,0,"",false,"","","","","",car,"","","",""
Alpine A110,Coupé,Zuzwil,Blue,Renault,0,"",false,"","","","","",car,"","","",""
S 500,Limousine,Zuzwil,Gray,Mercedes-Benz,0,"",false,"","","","","",car,"","","",""
MGC,Coupé,Zuzwil,Gray,Mg,0,"",false,"","","","","",car,"","","",""
SIERRA,Limousine,Zuzwil,Black,Ford,0,"",false,"","","","","",car,"","","",""
911,Coupé,Zuzwil,Black,Porsche,0,"",false,"","","","","",car,"","","",""
535,Limousine,Zuzwil,Silver,Bmw,0,"",false,"","","","","",car,"","","",""
540,Kombi,Zuzwil,Gray,Bmw,0,"",false,"","","","","",car,"","","",""
ALPINE,Coupé,Zuzwil,Blue,Renault,0,"",false,"","","","","",car,"","","",""
SL 500,Cabriolet,Zuzwil,Black,Mercedes-Benz,0,"",false,"","","","","",car,"","","",""
"",Coupé,Zuzwil,Silver,Mg,0,"",false,"","","","","",car,"","","",""
GOLF,Limousine,Zuzwil,Silver,Vw,0,"",false,"","","","","",car,"","","",""
EOS,Cabriolet,Zuzwil,Blue,Vw,0,"",false,"","","","","",car,"","","",""
C70,Coupé,Zuzwil,Blue,Volvo,0,"",false,"","","","","",car,"","","",""
E 55 AMG,Limousine,Zuzwil,Other,Mercedes-Benz,0,"",false,"","","","","",car,"","","",""
A8,Limousine,Zuzwil,Black,Audi,0,"",false,"","","","","",car,"","","",""
PANAMERA,Limousine,Zuzwil,Blue,Porsche,0,"",false,"","","","","",car,"","","",""
RS6,Kombi,Zuzwil,Blue,Audi,0,"",false,"","","","","",car,"","","",""
COUPE,Coupé,Zuzwil,Silver,Wiesmann,0,"",false,"","","","","",car,"","","",""
RS6,Kombi,Zuzwil,Black,Audi,0,"",false,"","","","","",car,"","","",""
ARNAGE,Limousine,Zuzwil,Gray,Bentley,0,"",false,"","","","","",car,"","","",""
E 350,Kombi,Zuzwil,Red,Mercedes-Benz,0,"",false,"","","","","",car,"","","",""
CLS 500,Limousine,Zuzwil,Black,Mercedes-Benz,0,"",false,"","","","","",car,"","","",""
323,Coupé,Zuzwil,Black,Bmw,0,"",false,"","","","","",car,"","","",""
458,Coupé,Zuzwil,Black,Ferrari,0,"",false,"","","","","",car,"","","",""
DISCOVERY,SUV / Geländewagen,Zuzwil,Silver,Land Rover,0,"",false,"","","","","",car,"","","",""
456,Coupé,Zuzwil,White,Ferrari,0,"",false,"","","","","",car,"","","",""
CAYENNE,SUV / Geländewagen,Zuzwil,Gray,Porsche,0,"",false,"","","","","",car,"","","",""
323,Limousine,Zuzwil,Other,Bmw,0,"",false,"","","","","",car,"","","",""
PHAETON,Limousine,Zuzwil,Black,Vw,0,"",false,"","","","","",car,"","","",""
E 430,Limousine,Zuzwil,Silver,Mercedes-Benz,0,"",false,"","","","","",car,"","","",""
S60,Limousine,Zuzwil,Silver,Volvo,0,"",false,"","","","","",car,"","","",""
RS6,Kombi,Zuzwil,Blue,Audi,0,"",false,"","","","","",car,"","","",""
PANAMERA,Limousine,Zuzwil,White,Porsche,0,"",false,"","","","","",car,"","","",""
MUSTANG,Coupé,Zuzwil,Blue,Ford (usa),0,"",false,"","","","","",car,"","","",""
CL 500,Coupé,Zuzwil,Gray,Mercedes-Benz,0,"",false,"","","","","",car,"","","",""
"",Limousine,Zuzwil,Black,Trabant,0,"",false,"","","","","",car,"","","",""
911,Cabriolet,Zuzwil,Black,Porsche,0,"",false,"","","","","",car,"","","",""
M5,Limousine,Zuzwil,Black,Bmw,0,"",false,"","","","","",car,"","","",""
X5,SUV / Geländewagen,Zuzwil,Silver,Bmw,0,"",false,"","","","","",car,"","","",""
ESPACE,Kompaktvan / Minivan,Zuzwil,White,Renault,0,"",false,"","","","","",car,"","","",""
911,Cabriolet,Zuzwil,Other,Porsche,0,"",false,"","","","","",car,"","","",""
X5,SUV / Geländewagen,Zuzwil,Red,Bmw,0,"",false,"","","","","",car,"","","",""
RS6,Kombi,Zuzwil,Black,Audi,0,"",false,"","","","","",car,"","","",""
E 420,Limousine,Zuzwil,Silver,Mercedes-Benz,0,"",false,"","","","","",car,"","","",""
CAYENNE,SUV / Geländewagen,Zuzwil,Yellow,Porsche,0,"",false,"","","","","",car,"","","",""
530 Gran Turismo,Limousine,Zuzwil,Gray,Bmw,0,"",false,"","","","","",car,"","","",""
X5,SUV / Geländewagen,Zuzwil,Blue,Bmw,0,"",false,"","","","","",car,"","","",""
RS6,Kombi,Zuzwil,Gray,Audi,0,"",false,"","","","","",car,"","","",""
Alpine A110,Coupé,Zuzwil,Blue,Renault,0,"",false,"","","","","",car,"","","",""
CORVETTE,Coupé,Zuzwil,Silver,Chevrolet,0,"",false,"","","","","",car,"","","",""
RS4,Kombi,Zuzwil,Blue,Audi,0,"",false,"","","","","",car,"","","",""
CAYENNE,SUV / Geländewagen,Zuzwil,White,Porsche,0,"",false,"","","","","",car,"","","",""
S 400,Limousine,Zuzwil,Yellow,Mercedes-Benz,0,"",false,"","","","","",car,"","","",""
R8,Coupé,Zuzwil,Gray,Audi,0,"",false,"","","","","",car,"","","",""
911,Cabriolet,Zuzwil,Black,Porsche,0,"",false,"","","","","",car,"","","",""
SLK 55 AMG,Cabriolet,Zuzwil,Black,Mercedes-Benz,0,"",false,"","","","","",car,"","","",""
S6,Limousine,Zuzwil,Yellow,Audi,0,"",false,"","","","","",car,"","","",""
300C,Kombi,Zuzwil,Red,Chrysler,0,"",false,"","","","","",car,"","","",""
CL 600,Coupé,Zuzwil,Red,Mercedes-Benz,0,"",false,"","","","","",car,"","","",""
540,Limousine,Zuzwil,Black,Bmw,0,"",false,"","","","","",car,"","","",""
CONTINENTAL,Coupé,Zuzwil,Black,Bentley,0,"",false,"","","","","",car,"","","",""
XJ,Limousine,Zuzwil,Blue,Jaguar,0,"",false,"","","","","",car,"","","",""
A8,Limousine,Zuzwil,Silver,Audi,0,"",false,"","","","","",car,"","","",""
458,Cabriolet,Zuzwil,White,Ferrari,0,"",false,"","","","","",car,"","","",""
575M,Coupé,Zuzwil,Gray,Ferrari,0,"",false,"","","","","",car,"","","",""
PANAMERA,Limousine,Zuzwil,Gray,Porsche,0,"",false,"","","","","",car,"","","",""
GALLARDO,Coupé,St. Gallen,Black,Lamborghini,0,"",false,"","","","","",car,"","","",""
911,Coupé,Zuzwil,Black,Porsche,0,"",false,"","","","","",car,"","","",""
F430,Coupé,Zuzwil,Black,Ferrari,0,"",false,"","","","","",car,"","","",""
A 150,Limousine,Zuzwil,White,Mercedes-Benz,0,"",false,"","","","","",car,"","","",""
335,Cabriolet,Zuzwil,Black,Bmw,0,"",false,"","","","","",car,"","","",""
"",Cabriolet,Zuzwil,Black,Yes!,0,"",false,"","","","","",car,"","","",""
RANGE ROVER SPORT,SUV / Geländewagen,Zuzwil,Black,Land Rover,0,"",false,"","","","","",car,"","","",""
SL 500,Cabriolet,Zuzwil,Silver,Mercedes-Benz,0,"",false,"","","","","",car,"","","",""
911,Cabriolet,Zuzwil,Blue,Porsche,0,"",false,"","","","","",car,"","","",""
911,Cabriolet,Zuzwil,Gray,Porsche,0,"",false,"","","","","",car,"","","",""
ML 63 AMG,SUV / Geländewagen,Zuzwil,Other,Mercedes-Benz,0,"",false,"","","","","",car,"","","",""
S 320,Limousine,Zuzwil,Black,Mercedes-Benz,0,"",false,"","","","","",car,"","","",""
CLS 500,Kombi,Zuzwil,White,Mercedes-Benz,0,"",false,"","","","","",car,"","","",""
PHAETON,Limousine,Zuzwil,White,Vw,0,"",false,"","","","","",car,"","","",""
"",Limousine,Zuzwil,Other,Bentley,0,"",false,"","","","","",car,"","","",""
M3,Cabriolet,Zuzwil,Other,Bmw,0,"",false,"","","","","",car,"","","",""
R5,Kleinwagen,Zuzwil,Other,Renault,0,"",false,"","","","","",car,"","","",""
"",Limousine,Zuzwil,Gray,Bmw,0,"",false,"","","","","",car,"","","",""
ALPINE,Coupé,Zuzwil,Red,Renault,0,"",false,"","","","","",car,"","","",""
F355,Coupé,Zuzwil,Black,Ferrari,0,"",false,"","","","","",car,"","","",""
GALLARDO,Coupé,Zuzwil,Black,Lamborghini,0,"",false,"","","","","",car,"","","",""
GOLF,Limousine,Zuzwil,Silver,Vw,0,"",false,"","","","","",car,"","","",""
ALPINE,Limousine,Zuzwil,Blue,Renault,0,"",false,"","","","","",car,"","","",""
575M,Coupé,Zuzwil,Blue,Ferrari,0,"",false,"","","","","",car,"","","",""
M3,Cabriolet,Zuzwil,Blue,Bmw,0,"",false,"","","","","",car,"","","",""
911,Cabriolet,Zuzwil,Silver,Porsche,0,"",false,"","","","","",car,"","","",""
911,Cabriolet,Zuzwil,White,Porsche,0,"",false,"","","","","",car,"","","",""
SL 500,Cabriolet,Zuzwil,Red,Mercedes-Benz,0,"",false,"","","","","",car,"","","",""
SL 55 AMG,Cabriolet,Zuzwil,Blue,Mercedes-Benz,0,"",false,"","","","","",car,"","","",""
COROLLA,Coupé,Zuzwil,Silver,Toyota,0,"",false,"","","","","",car,"","","",""
SL 600,Cabriolet,Zuzwil,Gray,Mercedes-Benz,0,"",false,"","","","","",car,"","","",""
Alpine A110,Coupé,Zuzwil,Other,Renault,0,"",false,"","","","","",car,"","","",""
911,Coupé,Zuzwil,Black,Porsche,0,"",false,"","","","","",car,"","","",""
456,Coupé,Zuzwil,Silver,Ferrari,0,"",false,"","","","","",car,"","","",""
BROOKLANDS,Limousine,Zuzwil,Blue,Bentley,0,"",false,"","","","","",car,"","","",""
911,Coupé,Zuzwil,Other,Porsche,0,"",false,"","","","","",car,"","","",""
F355,Cabriolet,Zuzwil,Black,Ferrari,0,"",false,"","","","","",car,"","","",""
750,Limousine,Zuzwil,Black,Bmw,0,"",false,"","","","","",car,"","","",""
SLK 55 AMG,Coupé,Zuzwil,Black,Mercedes-Benz,0,"",false,"","","","","",car,"","","",""
DIABLO,Coupé,Zuzwil,Black,Lamborghini,0,"",false,"","","","","",car,"","","",""
RANGE ROVER,SUV / Geländewagen,Zuzwil,Blue,Land Rover,0,"",false,"","","","","",car,"","","",""
RS6,Kombi,Zuzwil,Gray,Audi,0,"",false,"","","","","",car,"","","",""
S 65 AMG,Limousine,Zuzwil,Gray,Mercedes-Benz,0,"",false,"","","","","",car,"","","",""
"",Cabriolet,Zuzwil,Gray,Austin-Healey,0,"",false,"","","","","",car,"","","",""
S8,Limousine,Zuzwil,Black,Audi,0,"",false,"","","","","",car,"","","",""
ALPINE,Coupé,Zuzwil,Black,Renault,0,"",false,"","","","","",car,"","","",""
456,Coupé,Zuzwil,Black,Ferrari,0,"",false,"","","","","",car,"","","",""
911,Cabriolet,Zuzwil,Black,Porsche,0,"",false,"","","","","",car,"","","",""
M6,Coupé,Zuzwil,Silver,Bmw,0,"",false,"","","","","",car,"","","",""
CLIO,Kleinwagen,Zuzwil,Blue,Renault,0,"",false,"","","","","",car,"","","",""
Alpine A110,Coupé,Zuzwil,Silver,Renault,0,"",false,"","","","","",car,"","","",""
M5,Limousine,Zuzwil,Other,Bmw,0,"",false,"","","","","",car,"","","",""
ALPINE,Coupé,Zuzwil,Black,Renault,0,"",false,"","","","","",car,"","","",""
SL 600,Cabriolet,Zuzwil,Black,Mercedes-Benz,0,"",false,"","","","","",car,"","","",""
280,Coupé,Zuzwil,Silver,Datsun,0,"",false,"","","","","",car,"","","",""
DIABLO,Coupé,Porrentruy,Violet,Lamborghini,0,"",false,"","","","","",car,"","","",""
LEGEND,Limousine,Zuzwil,Blue,Honda,0,"",false,"","","","","",car,"","","",""
CELICA,Coupé,Zuzwil,Gray,Toyota,0,"",false,"","","","","",car,"","","",""
CELICA,Coupé,Zuzwil,Black,Toyota,0,"",false,"","","","","",car,"","","",""
CORNICHE,Cabriolet,Zuzwil,Black,Rolls-Royce,0,"",false,"","","","","",car,"","","",""
CLIO,Kleinwagen,Zuzwil,Silver,Renault,0,"",false,"","","","","",car,"","","",""
VIPER,Coupé,Zuzwil,Silver,Chrysler,0,"",false,"","","","","",car,"","","",""
911,Cabriolet,Zuzwil,Gray,Porsche,0,"",false,"","","","","",car,"","","",""
RS6,Kombi,Zuzwil,Gray,Audi,0,"",false,"","","","","",car,"","","",""
Dino,Cabriolet,Sursee,Other,Ferrari,0,"",false,"","","","","",car,"","","",""
S 350,Limousine,Zuzwil,Black,Mercedes-Benz,0,"",false,"","","","","",car,"","","",""
SL 500,Cabriolet,Zuzwil,Black,Mercedes-Benz,0,"",false,"","","","","",car,"","","",""
F360,Cabriolet,Zuzwil,Silver,Ferrari,0,"",false,"","","","","",car,"","","",""
DB9,Cabriolet,Zuzwil,Silver,Aston Martin,0,"",false,"","","","","",car,"","","",""
740,Limousine,Zuzwil,White,Bmw,0,"",false,"","","","","",car,"","","",""
ML 500,SUV / Geländewagen,Zuzwil,Blue,Mercedes-Benz,0,"",false,"","","","","",car,"","","",""
TACUMA,Kompaktvan / Minivan,Zuzwil,Yellow,Daewoo,0,"",false,"","","","","",car,"","","",""
911,Cabriolet,Zuzwil,Red,Porsche,0,"",false,"","","","","",car,"","","",""
CLS 500,Limousine,Zuzwil,Blue,Mercedes-Benz,0,"",false,"","","","","",car,"","","",""
SPIDER,Cabriolet,Zuzwil,Black,Alfa Romeo,0,"",false,"","","","","",car,"","","",""
ML 350,SUV / Geländewagen,Zuzwil,Silver,Mercedes-Benz,0,"",false,"","","","","",car,"","","",""
Cabriolet,Cabriolet,Zuzwil,Blue,Audi,0,"",false,"","","","","",car,"","","",""
911,Coupé,Zuzwil,Blue,Porsche,0,"",false,"","","","","",car,"","","",""
VIPER,Cabriolet,Zuzwil,Yellow,Chrysler,0,"",false,"","","","","",car,"","","",""
RX-7,Cabriolet,Zuzwil,Gray,Mazda,0,"",false,"","","","","",car,"","","",""
A8,Limousine,Zuzwil,Red,Audi,0,"",false,"","","","","",car,"","","",""
Grand Cherokee,SUV / Geländewagen,Zuzwil,Black,Jeep,0,"",false,"","","","","",car,"","","",""
911,Coupé,Zuzwil,Black,Porsche,0,"",false,"","","","","",car,"","","",""
FORTWO,Cabriolet,Zuzwil,Black,Smart,0,"",false,"","","","","",car,"","","",""
RS6,Kombi,Zuzwil,Black,Audi,0,"",false,"","","","","",car,"","","",""
SL 500,Cabriolet,Zuzwil,Black,Mercedes-Benz,0,"",false,"","","","","",car,"","","",""
M6,Coupé,Zuzwil,Black,Bmw,0,"",false,"","","","","",car,"","","",""
5 SERIES,Limousine,Zuzwil,Black,Bmw-Alpina,0,"",false,"","","","","",car,"","","",""
280,Cabriolet,Sursee,Silver,Mercedes-Benz,0,"",false,"","","","","",car,"","","",""
911,Coupé,Zuzwil,Silver,Porsche,0,"",false,"","","","","",car,"","","",""
C 63 AMG,Coupé,Zuzwil,Blue,Mercedes-Benz,0,"",false,"","","","","",car,"","","",""
SL 55 AMG,Cabriolet,Zuzwil,Black,Mercedes-Benz,0,"",false,"","","","","",car,"","","",""
COUPÉ GT,Coupé,Zuzwil,Black,Maserati,0,"",false,"","","","","",car,"","","",""
9-5,Kombi,Zuzwil,Black,Saab,0,"",false,"","","","","",car,"","","",""
ACCORD,Coupé,Zuzwil,Black,Honda,0,"",false,"","","","","",car,"","","",""
190,Limousine,Zuzwil,Yellow,Mercedes-Benz,0,"",false,"","","","","",car,"","","",""
"",Coupé,Sursee,Blue,Bugatti,0,"",false,"","","","","",car,"","","",""
CONTINENTAL,Coupé,Zuzwil,Black,Bentley,0,"",false,"","","","","",car,"","","",""
CLS 350,Limousine,Zuzwil,Silver,Mercedes-Benz,0,"",false,"","","","","",car,"","","",""
911,Coupé,Zuzwil,White,Porsche,0,"",false,"","","","","",car,"","","",""
RS6,Kombi,Zuzwil,Blue,Audi,0,"",false,"","","","","",car,"","","",""
EB,Coupé,Zuzwil,Gray,Bugatti,0,"",false,"","","","","",car,"","","",""
PHAETON,Limousine,Zuzwil,Other,Vw,0,"",false,"","","","","",car,"","","",""
SL 500,Cabriolet,Zuzwil,Black,Mercedes-Benz,0,"",false,"","","","","",car,"","","",""
911,Coupé,Zuzwil,Black,Porsche,0,"",false,"","","","","",car,"","","",""
F360,Coupé,Zuzwil,Blue,Ferrari,0,"",false,"","","","","",car,"","","",""
VECTRA,Limousine,Zuzwil,Black,Opel,0,"",false,"","","","","",car,"","","",""
SL 600,Cabriolet,Zuzwil,Black,Mercedes-Benz,0,"",false,"","","","","",car,"","","",""
STILO,Limousine,Zuzwil,Silver,Fiat,0,"",false,"","","","","",car,"","","",""
S 600,Coupé,Zuzwil,Other,Mercedes-Benz,0,"",false,"","","","","",car,"","","",""
RS6,Kombi,Zuzwil,Other,Audi,0,"",false,"","","","","",car,"","","",""
911,Coupé,Zuzwil,Red,Porsche,0,"",false,"","","","","",car,"","","",""
ML 500,SUV / Geländewagen,Zuzwil,Black,Mercedes-Benz,0,"",false,"","","","","",car,"","","",""
911,Coupé,Zuzwil,Black,Porsche,0,"",false,"","","","","",car,"","","",""
S6,Kombi,Zuzwil,Black,Audi,0,"",false,"","","","","",car,"","","",""
DELTA,Limousine,Zuzwil,Silver,Lancia,0,"",false,"","","","","",car,"","","",""
911,Coupé,Zuzwil,Silver,Porsche,0,"",false,"","","","","",car,"","","",""
GTV,Coupé,Zuzwil,Other,Alfa Romeo,0,"",false,"","","","","",car,"","","",""
Alpine A110,Coupé,Zuzwil,Black,Renault,0,"",false,"","","","","",car,"","","",""
ALPINE,Coupé,Zuzwil,Silver,Renault,0,"",false,"","","","","",car,"","","",""
MUSTANG,Cabriolet,Sursee,Silver,Ford (usa),0,"",false,"","","","","",car,"","","",""
SL 500,Cabriolet,Zuzwil,Silver,Mercedes-Benz,0,"",false,"","","","","",car,"","","",""
323,Limousine,Zuzwil,Gray,Bmw,0,"",false,"","","","","",car,"","","",""
V8 Vantage,Coupé,Zuzwil,Black,Aston Martin,0,"",false,"","","","","",car,"","","",""
CAYENNE,SUV / Geländewagen,Zuzwil,Black,Porsche,0,"",false,"","","","","",car,"","","",""
RS6,Kombi,Zuzwil,Black,Audi,0,"",false,"","","","","",car,"","","",""
3 SERIES,Limousine,Zuzwil,Blue,Bmw-Alpina,0,"",false,"","","","","",car,"","","",""
RS6,Kombi,Zuzwil,Gray,Audi,0,"",false,"","","","","",car,"","","",""
456,Coupé,Zuzwil,Other,Ferrari,0,"",false,"","","","","",car,"","","",""
SL 55 AMG,Cabriolet,Zuzwil,Blue,Mercedes-Benz,0,"",false,"","","","","",car,"","","",""
S 65 AMG,Limousine,Zuzwil,Silver,Mercedes-Benz,0,"",false,"","","","","",car,"","","",""
330,Limousine,Zuzwil,White,Bmw,0,"",false,"","","","","",car,"","","",""
ALPINE,Coupé,Zuzwil,Blue,Renault,0,"",false,"","","","","",car,"","","",""
M5,Limousine,Zuzwil,Yellow,Bmw,0,"",false,"","","","","",car,"","","",""
SPEEDSTER,Cabriolet,Zuzwil,Blue,Opel,0,"",false,"","","","","",car,"","","",""
E 250,Limousine,Zuzwil,Silver,Mercedes-Benz,0,"",false,"","","","","",car,"","","",""
RS6,Kombi,Zuzwil,Silver,Audi,0,"",false,"","","","","",car,"","","",""
2CV,Kleinwagen,Zuzwil,Silver,Citroen,0,"",false,"","","","","",car,"","","",""
CL 600,Coupé,Zuzwil,Black,Mercedes-Benz,0,"",false,"","","","","",car,"","","",""
SL 500,Cabriolet,Zuzwil,Silver,Mercedes-Benz,0,"",false,"","","","","",car,"","","",""
Z1,Cabriolet,Zuzwil,Blue,Bmw,0,"",false,"","","","","",car,"","","",""
SLR,Cabriolet,Zuzwil,Blue,Mercedes-Benz,0,"",false,"","","","","",car,"","","",""
924,Coupé,Zuzwil,Blue,Porsche,0,"",false,"","","","","",car,"","","",""
PUNTO,Kleinwagen,Zuzwil,Gray,Fiat,0,"",false,"","","","","",car,"","","",""
GOLF,Limousine,Zuzwil,Gray,Vw,0,"",false,"","","","","",car,"","","",""
CAYENNE,SUV / Geländewagen,Zuzwil,Gray,Porsche,0,"",false,"","","","","",car,"","","",""
S 500,Limousine,Porrentruy,Other,Mercedes-Benz,0,"",false,"","","","","",car,"","","",""
DIABLO,Coupé,Porrentruy,Other,Lamborghini,0,"",false,"","","","","",car,"","","",""
"",Limousine,Zuzwil,Other,Mercedes-Benz,0,"",false,"","","","","",car,"","","",""
406,Coupé,Zuzwil,Other,Peugeot,0,"",false,"","","","","",car,"","","",""
BOXSTER,Cabriolet,Zuzwil,Red,Porsche,0,"",false,"","","","","",car,"","","",""
SL 320,Cabriolet,Zuzwil,Black,Mercedes-Benz,0,"",false,"","","","","",car,"","","",""
"",Cabriolet,Zuzwil,Black,Lotus,0,"",false,"","","","","",car,"","","",""
TR3,Cabriolet,Safenwil,Silver,Triumph,0,"",false,"","","","","",car,"","","",""
F355,Coupé,Zuzwil,Silver,Ferrari,0,"",false,"","","","","",car,"","","",""
M5,Limousine,Zuzwil,Blue,Bmw,0,"",false,"","","","","",car,"","","",""
SLK 230,Cabriolet,Zuzwil,Blue,Mercedes-Benz,0,"",false,"","","","","",car,"","","",""
SL 500,Cabriolet,Zuzwil,Black,Mercedes-Benz,0,"",false,"","","","","",car,"","","",""
F355,Coupé,Zuzwil,Blue,Ferrari,0,"",false,"","","","","",car,"","","",""
SPORT SPIDER,Cabriolet,Zuzwil,Silver,Renault,0,"",false,"","","","","",car,"","","",""
911,Cabriolet,Zuzwil,Silver,Porsche,0,"",false,"","","","","",car,"","","",""
ALPINE,Coupé,Zuzwil,White,Renault,0,"",false,"","","","","",car,"","","",""
CL 600,Coupé,Zuzwil,Red,Mercedes-Benz,0,"",false,"","","","","",car,"","","",""
S5,Coupé,Zuzwil,Black,Audi,0,"",false,"","","","","",car,"","","",""
MURCIÉLAGO,Coupé,Zuzwil,Silver,Lamborghini,0,"",false,"","","","","",car,"","","",""
CONTINENTAL,Limousine,Zuzwil,White,Bentley,0,"",false,"","","","","",car,"","","",""
911,Coupé,Zuzwil,Red,Porsche,0,"",false,"","","","","",car,"","","",""
RS6,Kombi,Zuzwil,Silver,Audi,0,"",false,"","","","","",car,"","","",""
ML 400,SUV / Geländewagen,Zuzwil,White,Mercedes-Benz,0,"",false,"","","","","",car,"","","",""
H3,SUV / Geländewagen,Zuzwil,White,Hummer,0,"",false,"","","","","",car,"","","",""
750,Limousine,Zuzwil,Blue,Bmw,0,"",false,"","","","","",car,"","","",""
DELTA,Limousine,Zuzwil,Gray,Lancia,0,"",false,"","","","","",car,"","","",""
MURCIÉLAGO,Coupé,Porrentruy,Black,Lamborghini,0,"",false,"","","","","",car,"","","",""
E 320,Limousine,Zuzwil,Silver,Mercedes-Benz,0,"",false,"","","","","",car,"","","",""
F12,Coupé,Zuzwil,Blue,Ferrari,0,"",false,"","","","","",car,"","","",""
R8,Cabriolet,Zuzwil,Black,Audi,0,"",false,"","","","","",car,"","","",""
X5,SUV / Geländewagen,Zuzwil,Black,Bmw,0,"",false,"","","","","",car,"","","",""
SL 500,Cabriolet,Zuzwil,Silver,Mercedes-Benz,0,"",false,"","","","","",car,"","","",""
SL 320,Cabriolet,Zuzwil,Blue,Mercedes-Benz,0,"",false,"","","","","",car,"","","",""
323,Cabriolet,Zuzwil,Black,Bmw,0,"",false,"","","","","",car,"","","",""
SLK 350,Cabriolet,Zuzwil,Blue,Mercedes-Benz,0,"",false,"","","","","",car,"","","",""
Dolomite,Limousine,Zuzwil,White,Triumph,0,"",false,"","","","","",car,"","","",""
A4,Limousine,Zuzwil,White,Audi,0,"",false,"","","","","",car,"","","",""
CORVETTE,Coupé,Zuzwil,Gray,Chevrolet,0,"",false,"","","","","",car,"","","",""
A6,Limousine,Zuzwil,Other,Audi,0,"",false,"","","","","",car,"","","",""
Navigator,SUV / Geländewagen,Zuzwil,Blue,Lincoln,0,"",false,"","","","","",car,"","","",""
911,Coupé,Zuzwil,Red,Porsche,0,"",false,"","","","","",car,"","","",""
QUATTROPORTE,Limousine,Zuzwil,Black,Maserati,0,"",false,"","","","","",car,"","","",""
LAND CRUISER,SUV / Geländewagen,Zuzwil,Black,Toyota,0,"",false,"","","","","",car,"","","",""
RS6,Kombi,Zuzwil,Gray,Audi,0,"",false,"","","","","",car,"","","",""
S 65 AMG,Limousine,Zuzwil,Other,Mercedes-Benz,0,"",false,"","","","","",car,"","","",""
SLR,Cabriolet,Zuzwil,Silver,Mercedes-Benz,0,"",false,"","","","","",car,"","","",""
M5,Limousine,Zuzwil,White,Bmw,0,"",false,"","","","","",car,"","","",""
911,Coupé,Zuzwil,Gray,Porsche,0,"",false,"","","","","",car,"","","",""
C 240,Limousine,Zuzwil,Silver,Mercedes-Benz,0,"",false,"","","","","",car,"","","",""
12C,Cabriolet,Zuzwil,White,Mclaren,0,"",false,"","","","","",car,"","","",""
E 55 AMG,Limousine,Zuzwil,Blue,Mercedes-Benz,0,"",false,"","","","","",car,"","","",""
TT,Coupé,Zuzwil,Black,Audi,0,"",false,"","","","","",car,"","","",""
911,Coupé,Zuzwil,Black,Porsche,0,"",false,"","","","","",car,"","","",""
DB7,Coupé,Zuzwil,Blue,Aston Martin,0,"",false,"","","","","",car,"","","",""
C 180,Limousine,Zuzwil,Black,Mercedes-Benz,0,"",false,"","","","","",car,"","","",""
C 43 AMG,Kombi,Zuzwil,Black,Mercedes-Benz,0,"",false,"","","","","",car,"","","",""
911,Coupé,Zuzwil,Silver,Porsche,0,"",false,"","","","","",car,"","","",""
599,Coupé,Zuzwil,White,Ferrari,0,"",false,"","","","","",car,"","","",""
A8,Limousine,Zuzwil,Blue,Audi,0,"",false,"","","","","",car,"","","",""
E 50 AMG,Limousine,Zuzwil,Red,Mercedes-Benz,0,"",false,"","","","","",car,"","","",""
LEON,Limousine,Zuzwil,Black,Seat,0,"",false,"","","","","",car,"","","",""
ML 430,SUV / Geländewagen,Zuzwil,Black,Mercedes-Benz,0,"",false,"","","","","",car,"","","",""
TOUAREG,SUV / Geländewagen,Zuzwil,Silver,Vw,0,"",false,"","","","","",car,"","","",""
CLS 500,Limousine,Zuzwil,Silver,Mercedes-Benz,0,"",false,"","","","","",car,"","","",""
911,Coupé,Zuzwil,Silver,Porsche,0,"",false,"","","","","",car,"","","",""
911,Coupé,Zuzwil,Silver,Porsche,0,"",false,"","","","","",car,"","","",""
COUPÉ GT,Coupé,Zuzwil,Red,Maserati,0,"",false,"","","","","",car,"","","",""
SL 55 AMG,Cabriolet,Zuzwil,Black,Mercedes-Benz,0,"",false,"","","","","",car,"","","",""
SL-CLASS,Cabriolet,Zuzwil,Black,Mercedes-Benz,0,"",false,"","","","","",car,"","","",""
911,Coupé,Zuzwil,Black,Porsche,0,"",false,"","","","","",car,"","","",""
ESPRIT,Coupé,Zuzwil,Blue,Lotus,0,"",false,"","","","","",car,"","","",""
911,Cabriolet,Zuzwil,Yellow,Porsche,0,"",false,"","","","","",car,"","","",""
QUATTROPORTE,Limousine,Zuzwil,Silver,Maserati,0,"",false,"","","","","",car,"","","",""
C 320,Limousine,Zuzwil,Blue,Mercedes-Benz,0,"",false,"","","","","",car,"","","",""
SL 600,Cabriolet,Zuzwil,Other,Mercedes-Benz,0,"",false,"","","","","",car,"","","",""
S3,Limousine,Zuzwil,Other,Audi,0,"",false,"","","","","",car,"","","",""
911,Coupé,Zuzwil,Other,Porsche,0,"",false,"","","","","",car,"","","",""
S 55 AMG,Limousine,Zuzwil,Black,Mercedes-Benz,0,"",false,"","","","","",car,"","","",""
SL 320,Cabriolet,Zuzwil,Silver,Mercedes-Benz,0,"",false,"","","","","",car,"","","",""
RS6,Kombi,Zuzwil,Red,Audi,0,"",false,"","","","","",car,"","","",""
S 600,Coupé,Zuzwil,Black,Mercedes-Benz,0,"",false,"","","","","",car,"","","",""
GT,Limousine,Zuzwil,Silver,Alfa Romeo,0,"",false,"","","","","",car,"","","",""
S 500,Limousine,Zuzwil,Other,Mercedes-Benz,0,"",false,"","","","","",car,"","","",""
CL 600,Coupé,Zuzwil,Silver,Mercedes-Benz,0,"",false,"","","","","",car,"","","",""
CORNICHE,Cabriolet,Zuzwil,Silver,Rolls-Royce,0,"",false,"","","","","",car,"","","",""
SL 600,Cabriolet,Zuzwil,Blue,Mercedes-Benz,0,"",false,"","","","","",car,"","","",""
323,Limousine,Zuzwil,Gray,Bmw,0,"",false,"","","","","",car,"","","",""
924,Coupé,Zuzwil,Gray,Porsche,0,"",false,"","","","","",car,"","","",""
DEFENDER,Kombi,Zuzwil,Gray,Land Rover,0,"",false,"","","","","",car,"","","",""
AVENTADOR,Cabriolet,Porrentruy,Black,Lamborghini,0,"",false,"","","","","",car,"","","",""
575M,Coupé,Zuzwil,Black,Ferrari,0,"",false,"","","","","",car,"","","",""
M5,Limousine,Zuzwil,Silver,Bmw,0,"",false,"","","","","",car,"","","",""
911,Coupé,Zuzwil,Silver,Porsche,0,"",false,"","","","","",car,"","","",""
"",Cabriolet,Zuzwil,Blue,Mercedes-Benz,0,"",false,"","","","","",car,"","","",""
911,Cabriolet,Zuzwil,Gray,Porsche,0,"",false,"","","","","",car,"","","",""
911,Coupé,Zuzwil,Other,Porsche,0,"",false,"","","","","",car,"","","",""
330,Cabriolet,Zuzwil,Black,Bmw,0,"",false,"","","","","",car,"","","",""
12C,Coupé,Zuzwil,Black,Mclaren,0,"",false,"","","","","",car,"","","",""
SPORT SPIDER,Cabriolet,Zuzwil,Silver,Renault,0,"",false,"","","","","",car,"","","",""
SL 320,Cabriolet,Zuzwil,White,Mercedes-Benz,0,"",false,"","","","","",car,"","","",""
S6,Limousine,Zuzwil,Gray,Audi,0,"",false,"","","","","",car,"","","",""
S 500,Limousine,Zuzwil,Other,Mercedes-Benz,0,"",false,"","","","","",car,"","","",""
SL 500,Cabriolet,Zuzwil,Gray,Mercedes-Benz,0,"",false,"","","","","",car,"","","",""
XJ,Limousine,Zuzwil,Red,Jaguar,0,"",false,"","","","","",car,"","","",""
SLK 200,Cabriolet,Zuzwil,Black,Mercedes-Benz,0,"",false,"","","","","",car,"","","",""
CLS 55 AMG,Limousine,Zuzwil,Black,Mercedes-Benz,0,"",false,"","","","","",car,"","","",""
911,Coupé,Zuzwil,Black,Porsche,0,"",false,"","","","","",car,"","","",""
Skyline,Coupé,Zuzwil,Silver,Nissan,0,"",false,"","","","","",car,"","","",""
S 65 AMG,Limousine,Zuzwil,Silver,Mercedes-Benz,0,"",false,"","","","","",car,"","","",""
SLS 63,Coupé,Zuzwil,Black,Mercedes-Benz,0,"",false,"","","","","",car,"","","",""
SL 500,Cabriolet,Zuzwil,Silver,Mercedes-Benz,0,"",false,"","","","","",car,"","","",""
COUPÉ GT,Coupé,Zuzwil,Silver,Maserati,0,"",false,"","","","","",car,"","","",""
612,Coupé,Zuzwil,Gray,Ferrari,0,"",false,"","","","","",car,"","","",""
911,Coupé,Zuzwil,Blue,Porsche,0,"",false,"","","","","",car,"","","",""
TOURAN,Kompaktvan / Minivan,Zuzwil,Black,Vw,0,"",false,"","","","","",car,"","","",""
CLK 320,Coupé,Zuzwil,Silver,Mercedes-Benz,0,"",false,"","","","","",car,"","","",""
RS6,Kombi,Zuzwil,White,Audi,0,"",false,"","","","","",car,"","","",""
CLS 63 AMG,Limousine,Zuzwil,Blue,Mercedes-Benz,0,"",false,"","","","","",car,"","","",""
456,Coupé,Zuzwil,Yellow,Ferrari,0,"",false,"","","","","",car,"","","",""
"",Coupé,Zuzwil,Gray,Ruf,0,"",false,"","","","","",car,"","","",""
SL 55 AMG,Cabriolet,Zuzwil,Black,Mercedes-Benz,0,"",false,"","","","","",car,"","","",""
RANGE ROVER,SUV / Geländewagen,Zuzwil,Black,Land Rover,0,"",false,"","","","","",car,"","","",""
328,Coupé,Zuzwil,Silver,Bmw,0,"",false,"","","","","",car,"","","",""
